"Etiquetas de fila","2017_corrupcion","2018_corrupcion","2019_corrupcion","2020_corrupcion","2021_corrupcion","2022_corrupcion","2023_corrupcion","2024_corrupcion","2017_IDH","2018_IDH","2019_IDH","2020_IDH","2021_IDH","2022_IDH","2023_IDH","2024_IDH","2017_PIM","2018_PIM","2019_PIM","2020_PIM","2021_PIM","2022_PIM","2023_PIM","2024_PIM","2017_Devengado","2018_Devengado2","2019_Devengado22","2020_Devengado2","2021_Devengado3","2022_Devengado23","2023_Devengado3","2024_Devengado4","2018_fragment","2022_fragment"
"AMAZONAS_BAGUA","1","2","3","1","4","2","2","2","0.5494749546051","0.552754342556","0.55701702833176","0.54798692464828","0.54768359661102","0.57004338502884","0.57207602262497","0.57097274065018","  16,738,156 ","  15,190,192 ","  18,929,899 ","  46,610,835 ","  37,044,392 ","  28,206,725 ","  30,575,495 ","  34,351,868 ","  15,124,989 ","  13,507,604 ","  13,765,469 ","  28,386,442 ","  31,836,250 ","  24,084,078 ","  23,181,870 ","  29,690,800 ","  8 ","  8 "
"AMAZONAS_BONGARA","0","0","0","1","1","0","0","2","0.5237780213356","0.53666108846664","0.54365032911301","0.52869307994843","0.52539831399918","0.5503870844841","0.57750099897385","0.55921214818954","  3,976,953 ","  3,270,617 ","  12,102,749 ","  20,444,814 ","  10,140,465 ","  21,825,489 ","  22,591,077 ","  14,194,672 ","  3,615,485 ","  3,161,325 ","  4,353,686 ","  16,116,622 ","  8,761,382 ","  10,212,502 ","  15,530,917 ","  8,655,331 ","  5 ","  4 "
"AMAZONAS_CHACHAPOYAS","0","3","0","2","0","0","1","4","0.59333157539368","0.60977202653885","0.61672967672348","0.58279091119766","0.59296011924744","0.61787754297256","0.61193293333054","0.62233680486679","  29,572,272 ","  21,053,950 ","  20,553,411 ","  54,738,256 ","  39,131,645 ","  58,291,087 ","  107,507,294 ","  132,120,049 ","  22,352,797 ","  17,228,131 ","  14,864,073 ","  31,360,444 ","  29,576,070 ","  42,316,052 ","  43,692,323 ","  78,701,527 ","  7 ","  7 "
"AMAZONAS_CONDORCANQUI","0","2","5","4","1","3","2","2","0.44950580596924","0.44886809587479","0.48008874058723","0.4466187953949","0.43459513783455","0.46474900841713","0.46249783039093","0.46481916308403","  28,955,696 ","  36,455,349 ","  44,224,699 ","  42,579,775 ","  44,856,368 ","  43,942,523 ","  48,221,148 ","  64,789,947 ","  23,207,806 ","  31,814,397 ","  34,675,427 ","  25,168,519 ","  32,131,549 ","  25,352,064 ","  37,304,364 ","  61,573,762 ","  14 ","  8 "
"AMAZONAS_LUYA","0","0","1","2","0","0","1","1","0.46423634886742","0.4803441464901","0.48420408368111","0.49771195650101","0.48488610982895","0.50599199533463","0.51403427124023","0.50355893373489","  24,872,461 ","  17,853,709 ","  23,177,673 ","  69,662,016 ","  37,992,877 ","  38,394,091 ","  21,816,629 ","  27,819,325 ","  23,523,008 ","  12,704,180 ","  14,934,339 ","  43,810,007 ","  32,000,931 ","  27,394,088 ","  19,262,390 ","  16,951,177 ","  5 ","  5 "
"AMAZONAS_RODRIGUEZ DE MENDOZA","1","0","1","2","0","3","3","2","0.50052684545517","0.51467114686966","0.5371401309967","0.52430009841919","0.50800108909607","0.53924751281738","0.54394334554672","0.53673732280731","  24,989,292 ","  24,531,358 ","  28,520,259 ","  35,775,291 ","  17,525,430 ","  8,941,984 ","  13,281,019 ","  29,552,693 ","  10,901,418 ","  12,554,641 ","  7,934,582 ","  26,550,733 ","  11,803,082 ","  7,621,099 ","  10,167,844 ","  25,765,099 ","  5 ","  4 "
"AMAZONAS_UTCUBAMBA","1","1","3","2","2","1","7","5","0.54458379745483","0.54376989603043","0.54886484146118","0.53360617160797","0.54697954654694","0.55614018440247","0.56087177991867","0.56062036752701","  43,363,908 ","  30,197,008 ","  35,652,004 ","  73,756,401 ","  73,961,022 ","  58,847,803 ","  51,988,622 ","  51,794,935 ","  38,797,409 ","  24,742,598 ","  29,019,085 ","  43,939,610 ","  63,715,545 ","  51,247,697 ","  45,808,879 ","  45,095,022 ","  10 ","  6 "
"ANCASH_AIJA","0","1","0","0","0","0","0","0","0.47061291337013","0.51688528060913","0.53379964828491","0.4637451171875","0.49914500117302","0.50285869836807","0.51876503229141","0.515485227108","  4,507,423 ","  8,102,251 ","  7,618,737 ","  25,026,228 ","  33,403,158 ","  23,778,565 ","  13,680,719 ","  8,924,647 ","  2,625,712 ","  3,647,603 ","  3,115,393 ","  5,772,732 ","  26,117,785 ","  14,106,947 ","  10,484,020 ","  6,358,428 ","  10 ","  4 "
"ANCASH_ANTONIO RAIMONDI","0","0","1","0","1","0","0","1","0.44348731637001","0.48466545343399","0.50109505653381","0.45965030789375","0.49272793531418","0.47464799880981","0.45484399795532","0.47799551486969","  6,086,006 ","  7,013,882 ","  5,272,261 ","  21,467,925 ","  31,480,558 ","  17,998,888 ","  11,747,406 ","  13,133,082 ","  4,161,121 ","  4,543,295 ","  3,918,837 ","  8,219,158 ","  22,362,899 ","  10,942,382 ","  7,582,058 ","  8,483,507 ","  8 ","  5 "
"ANCASH_ASUNCION","0","1","0","0","2","1","3","3","0.43770226836205","0.46745517849922","0.51223593950272","0.43881189823151","0.48057749867439","0.47365489602089","0.47603291273117","0.4679112136364","  7,625,319 ","  8,546,395 ","  7,973,034 ","  10,786,960 ","  14,208,641 ","  11,928,572 ","  10,268,261 ","  12,650,379 ","  6,450,679 ","  6,105,136 ","  6,203,195 ","  5,337,641 ","  12,202,288 ","  9,788,725 ","  4,590,565 ","  7,396,885 ","  5 ","  3 "
"ANCASH_BOLOGNESI","0","0","0","0","0","2","0","0","0.52157151699066","0.54523682594299","0.56509149074554","0.50206732749939","0.52027368545532","0.52984434366226","0.54884839057922","0.54377597570419","  19,997,642 ","  8,671,178 ","  7,598,898 ","  36,124,419 ","  24,466,248 ","  28,012,243 ","  17,749,786 ","  10,856,800 ","  16,178,849 ","  6,422,806 ","  4,483,975 ","  14,485,273 ","  19,469,071 ","  16,914,176 ","  15,783,317 ","  9,053,842 ","  6 ","  3 "
"ANCASH_CARHUAZ","0","0","0","0","3","0","1","1","0.47359201312065","0.49219524860382","0.52172446250916","0.46956342458725","0.47440412640572","0.4991869032383","0.50621193647385","0.50972384214401","  22,654,801 ","  29,696,715 ","  31,117,450 ","  35,314,106 ","  38,869,778 ","  55,286,808 ","  56,611,388 ","  62,780,106 ","  17,540,033 ","  18,629,335 ","  19,360,610 ","  20,063,003 ","  28,174,245 ","  26,167,774 ","  20,554,346 ","  38,647,456 ","  8 ","  7 "
"ANCASH_CARLOS FERMIN FITZCARRALD","1","0","1","0","0","1","0","3","0.44509425759315","0.46019765734673","0.48981341719627","0.44485723972321","0.47647145390511","0.47628432512283","0.48009955883026","0.48728910088539","  41,708,410 ","  52,530,804 ","  35,504,600 ","  31,810,146 ","  23,662,594 ","  43,334,151 ","  47,557,730 ","  58,952,545 ","  25,714,217 ","  41,988,529 ","  28,822,376 ","  21,469,980 ","  20,804,252 ","  31,470,496 ","  19,884,280 ","  33,678,050 ","  7 ","  6 "
"ANCASH_CASMA","3","0","2","2","4","6","10","3","0.59697979688644","0.6082039475441","0.62279045581818","0.55402928590775","0.58345472812653","0.61465901136398","0.62300407886505","0.63376832008362","  29,234,847 ","  45,376,670 ","  39,029,077 ","  70,114,649 ","  72,884,642 ","  96,709,556 ","  90,295,040 ","  82,694,253 ","  19,410,520 ","  33,784,670 ","  26,428,583 ","  44,022,124 ","  45,663,806 ","  80,489,695 ","  49,015,535 ","  63,144,219 ","  18 ","  10 "
"ANCASH_CORONGO","3","2","6","2","3","1","1","8","0.47907811403275","0.5045907497406","0.52308583259583","0.46215018630028","0.52119380235672","0.50109130144119","0.46500998735428","0.50210952758789","  7,836,458 ","  3,738,982 ","  4,694,307 ","  15,297,303 ","  13,252,935 ","  11,882,495 ","  26,021,098 ","  17,392,281 ","  7,026,808 ","  3,134,460 ","  3,934,932 ","  5,631,426 ","  6,807,171 ","  6,073,514 ","  13,717,166 ","  11,543,429 ","  5 ","  4 "
"ANCASH_HUARAZ","13","6","16","10","13","9","16","30","0.61611497402191","0.60582792758942","0.64639550447464","0.58648896217346","0.59864062070847","0.64762264490128","0.64684718847275","0.64620023965836","  65,633,018 ","  62,521,976 ","  70,375,573 ","  90,909,273 ","  87,747,561 ","  105,473,768 ","  112,086,226 ","  161,756,947 ","  49,630,255 ","  33,668,716 ","  37,345,224 ","  49,871,610 ","  63,312,651 ","  61,073,021 ","  61,621,507 ","  90,904,590 ","  14 ","  11 "
"ANCASH_HUARI","0","1","1","3","2","4","5","7","0.46882250905037","0.47796440124512","0.50243782997131","0.45070388913155","0.47868862748146","0.48078501224518","0.48392495512962","0.49712845683098","  43,190,278 ","  73,946,447 ","  89,162,915 ","  93,207,608 ","  103,439,808 ","  139,717,289 ","  123,028,521 ","  124,936,871 ","  26,715,852 ","  38,768,151 ","  45,395,217 ","  29,167,485 ","  63,114,754 ","  83,749,918 ","  57,527,379 ","  77,281,558 ","  10 ","  7 "
"ANCASH_HUARMEY","6","0","3","1","5","3","2","7","0.62141543626785","0.6227970123291","0.64493608474731","0.5654245018959","0.59432107210159","0.63266950845718","0.63931131362915","0.66202783584595","  21,476,032 ","  35,421,585 ","  40,537,999 ","  60,252,231 ","  55,208,965 ","  83,287,348 ","  95,327,400 ","  101,213,503 ","  15,731,807 ","  25,806,889 ","  29,107,355 ","  32,800,557 ","  41,542,505 ","  54,912,343 ","  54,388,434 ","  71,974,182 ","  14 ","  10 "
"ANCASH_HUAYLAS","1","1","1","0","0","2","3","4","0.47901871800423","0.49290040135384","0.51469790935516","0.47333270311356","0.48835495114326","0.50730013847351","0.51955831050873","0.51379019021988","  33,857,132 ","  39,451,107 ","  45,266,500 ","  62,513,669 ","  82,510,606 ","  110,240,391 ","  74,457,293 ","  45,084,830 ","  14,697,342 ","  19,014,363 ","  14,526,396 ","  29,192,069 ","  28,404,690 ","  41,317,289 ","  39,680,734 ","  31,564,160 ","  13 ","  7 "
"ANCASH_MARISCAL LUZURIAGA","0","0","1","0","1","1","0","2","0.38226833939552","0.42688077688217","0.4424033164978","0.41054889559746","0.44050657749176","0.43376770615578","0.43113306164742","0.43806952238083","  6,841,914 ","  9,225,414 ","  9,840,576 ","  30,268,345 ","  27,663,672 ","  26,561,707 ","  37,059,553 ","  30,639,088 ","  4,190,187 ","  5,891,208 ","  6,316,491 ","  15,630,364 ","  17,122,222 ","  17,033,502 ","  14,804,813 ","  13,661,890 ","  7 ","  4 "
"ANCASH_OCROS","0","0","0","0","2","3","2","2","0.50159096717834","0.54364401102066","0.53199684619904","0.48978167772293","0.49657163023949","0.51811897754669","0.52961558103561","0.53503596782684","  12,062,026 ","  6,824,901 ","  8,420,264 ","  23,707,109 ","  17,395,840 ","  21,161,013 ","  11,372,931 ","  10,981,998 ","  9,368,455 ","  3,844,481 ","  6,754,218 ","  12,190,289 ","  11,618,436 ","  7,591,512 ","  6,734,004 ","  5,809,641 ","  5 ","  5 "
"ANCASH_PALLASCA","0","1","1","0","2","2","3","4","0.46635246276855","0.49826568365097","0.50691300630569","0.46475821733475","0.49611133337021","0.4882807135582","0.4985738992691","0.50037038326263","  8,648,114 ","  15,624,719 ","  10,993,119 ","  27,358,512 ","  23,691,229 ","  12,922,913 ","  11,291,744 ","  11,049,400 ","  6,800,868 ","  13,014,815 ","  6,671,461 ","  10,368,715 ","  14,327,302 ","  9,167,330 ","  7,706,183 ","  7,440,877 ","  6 ","  4 "
"ANCASH_POMABAMBA","1","0","1","0","0","3","2","2","0.46452751755714","0.47497901320457","0.4930519759655","0.44563722610474","0.46113699674606","0.47792515158653","0.45836266875267","0.50591731071472","  19,242,037 ","  23,035,758 ","  26,791,240 ","  38,132,686 ","  51,820,443 ","  52,126,564 ","  49,471,264 ","  36,920,776 ","  15,245,068 ","  15,469,893 ","  18,068,311 ","  23,308,369 ","  33,431,229 ","  29,403,119 ","  31,630,315 ","  26,414,387 ","  8 ","  5 "
"ANCASH_RECUAY","0","2","0","0","0","0","1","1","0.51588499546051","0.53452891111374","0.54316914081573","0.50664645433426","0.49197718501091","0.52649539709091","0.53285259008408","0.53643018007278","  14,275,846 ","  13,599,481 ","  21,819,389 ","  57,808,470 ","  34,641,753 ","  25,339,903 ","  22,131,456 ","  20,628,250 ","  7,839,666 ","  7,748,906 ","  13,434,907 ","  34,877,106 ","  26,240,432 ","  18,048,435 ","  9,958,989 ","  14,970,063 ","  5 ","  7 "
"ANCASH_SANTA","4","5","5","5","4","11","14","14","0.64837086200714","0.6506022810936","0.67618823051453","0.60519230365753","0.62763446569443","0.6722976565361","0.68111765384674","0.68343955278397","  166,503,412 ","  220,030,497 ","  202,612,820 ","  293,851,674 ","  412,748,497 ","  530,242,533 ","  523,722,516 ","  445,246,593 ","  127,785,871 ","  127,095,301 ","  118,236,309 ","  130,929,695 ","  184,162,354 ","  255,404,608 ","  311,222,303 ","  373,727,663 ","  19 ","  15 "
"ANCASH_SIHUAS","0","6","10","4","3","5","15","12","0.42666870355606","0.4510632455349","0.46286877989769","0.43390464782715","0.46659204363823","0.46645629405975","0.45589971542358","0.46994251012802","  10,063,729 ","  23,457,802 ","  25,842,984 ","  39,798,867 ","  34,890,444 ","  23,404,038 ","  17,513,128 ","  16,715,273 ","  8,797,888 ","  7,634,796 ","  19,662,381 ","  16,333,670 ","  25,543,600 ","  14,874,311 ","  12,364,858 ","  10,631,857 ","  6 ","  5 "
"ANCASH_YUNGAY","0","0","0","0","0","0","0","1","0.44680753350258","0.4635623395443","0.4948915541172","0.44890490174294","0.44415521621704","0.47353819012642","0.48169329762459","0.48004159331322","  27,588,766 ","  35,117,824 ","  50,670,091 ","  65,435,937 ","  42,834,214 ","  50,132,885 ","  38,872,863 ","  54,464,285 ","  18,545,935 ","  18,501,165 ","  31,572,846 ","  32,588,235 ","  35,080,288 ","  33,158,842 ","  21,242,084 ","  32,627,127 ","  9 ","  6 "
"APURIMAC_ABANCAY","1","1","1","4","0","2","15","14","0.57711559534073","0.58001136779785","0.606594145298","0.57441359758377","0.5714470744133","0.6242767572403","0.64625054597855","0.63930821418762","  59,397,233 ","  45,265,854 ","  42,030,584 ","  68,170,883 ","  57,277,270 ","  96,237,100 ","  76,707,317 ","  69,820,794 ","  44,652,570 ","  36,315,300 ","  33,950,954 ","  42,308,737 ","  48,317,209 ","  79,975,591 ","  71,177,315 ","  64,696,259 ","  12 ","  7 "
"APURIMAC_ANDAHUAYLAS","3","6","1","6","7","3","8","11","0.5006257891655","0.50311493873596","0.53871178627014","0.50094681978226","0.50832283496857","0.55810159444809","0.5783264040947","0.56563371419907","  117,054,867 ","  88,170,135 ","  61,119,527 ","  122,972,004 ","  94,439,836 ","  95,492,702 ","  74,174,262 ","  73,501,115 ","  56,250,504 ","  42,465,606 ","  31,344,894 ","  65,004,967 ","  60,169,459 ","  78,078,584 ","  63,158,815 ","  69,341,065 ","  11 ","  6 "
"APURIMAC_ANTABAMBA","1","0","1","4","2","3","4","1","0.44056618213654","0.46112737059593","0.49253290891647","0.44973972439766","0.45699292421341","0.49848061800003","0.52397382259369","0.5160374045372","  14,585,045 ","  10,389,720 ","  7,967,741 ","  41,914,706 ","  33,811,173 ","  21,933,035 ","  16,795,682 ","  19,770,862 ","  11,477,363 ","  9,522,455 ","  6,797,307 ","  21,250,769 ","  26,912,592 ","  13,039,143 ","  12,756,047 ","  16,404,186 ","  6 ","  5 "
"APURIMAC_AYMARAES","1","0","0","0","2","0","5","3","0.41730773448944","0.43961101770401","0.4870371222496","0.45871928334236","0.46574735641479","0.50423765182495","0.50936901569366","0.51745802164078","  13,048,616 ","  12,997,292 ","  15,403,756 ","  51,882,553 ","  15,168,437 ","  49,165,198 ","  32,616,319 ","  46,479,940 ","  8,210,329 ","  9,457,870 ","  12,272,567 ","  17,553,719 ","  10,432,931 ","  30,043,815 ","  10,594,854 ","  16,955,526 ","  6 ","  4 "
"APURIMAC_CHINCHEROS","1","3","3","2","4","0","3","1","0.4533851146698","0.46810600161552","0.49988207221031","0.45099914073944","0.47237706184387","0.50181782245636","0.53206068277359","0.51560580730438","  72,445,059 ","  60,989,184 ","  30,609,570 ","  45,880,275 ","  36,002,887 ","  26,180,196 ","  29,188,705 ","  41,604,395 ","  29,777,935 ","  46,680,018 ","  24,905,133 ","  21,200,018 ","  28,902,053 ","  20,576,298 ","  14,040,622 ","  26,612,216 ","  4 ","  5 "
"APURIMAC_COTABAMBAS","0","0","0","1","0","3","3","4","0.48782393336296","0.4911327958107","0.52903318405151","0.4777709543705","0.49774926900864","0.54131323099136","0.55055487155914","0.54794996976852","  66,605,431 ","  65,814,887 ","  52,874,989 ","  83,105,872 ","  90,192,287 ","  96,691,244 ","  60,468,066 ","  78,513,700 ","  39,835,639 ","  57,490,824 ","  36,059,702 ","  58,082,065 ","  74,032,766 ","  79,372,312 ","  56,512,910 ","  74,482,602 ","  11 ","  6 "
"APURIMAC_GRAU","0","0","0","0","1","0","0","1","0.46682348847389","0.47701254487038","0.50672650337219","0.44691380858421","0.46555602550507","0.50778752565384","0.54612457752228","0.52164137363434","  18,274,195 ","  22,196,983 ","  20,706,999 ","  41,146,525 ","  21,775,078 ","  30,986,943 ","  32,918,152 ","  25,396,252 ","  13,179,613 ","  14,426,078 ","  18,132,838 ","  30,257,407 ","  17,573,325 ","  18,864,971 ","  16,881,259 ","  21,433,955 ","  4 ","  4 "
"AREQUIPA_AREQUIPA","1","9","3","1","4","6","10","19","0.72475892305374","0.72697758674622","0.72984546422958","0.70368576049805","0.72329568862915","0.7401927113533","0.74216574430466","0.75112074613571","  268,650,939 ","  337,036,611 ","  198,919,138 ","  245,084,064 ","  240,287,314 ","  262,115,660 ","  232,479,358 ","  228,295,073 ","  151,584,355 ","  171,436,774 ","  134,405,430 ","  136,246,119 ","  186,726,468 ","  180,533,504 ","  177,549,511 ","  188,772,347 ","  23 ","  17 "
"AREQUIPA_CAMANA","1","0","0","0","1","0","3","3","0.67180144786835","0.6840386390686","0.70224738121033","0.67898386716843","0.67723315954208","0.6935161948204","0.70263653993607","0.70721989870071","  35,911,795 ","  33,652,297 ","  22,482,175 ","  61,464,311 ","  90,189,945 ","  57,067,288 ","  32,678,355 ","  48,914,432 ","  26,719,521 ","  29,930,863 ","  17,406,252 ","  17,802,072 ","  54,127,430 ","  44,850,454 ","  28,768,984 ","  39,560,358 ","  11 ","  12 "
"AREQUIPA_CARAVELI","0","0","1","0","1","1","16","2","0.65944975614548","0.6745411157608","0.69502753019333","0.66289079189301","0.67922383546829","0.68441998958588","0.68027073144913","0.70510095357895","  7,482,519 ","  7,875,238 ","  9,970,232 ","  44,166,168 ","  35,174,604 ","  20,546,929 ","  35,381,069 ","  38,522,621 ","  5,296,848 ","  5,680,572 ","  6,134,219 ","  17,313,682 ","  26,933,888 ","  12,607,042 ","  10,558,862 ","  21,539,986 ","  6 ","  9 "
"AREQUIPA_CASTILLA","0","0","0","0","0","0","1","1","0.61147040128708","0.64327830076218","0.64424479007721","0.62922179698944","0.6381111741066","0.64429968595505","0.64832615852356","0.66743361949921","  20,929,536 ","  23,197,445 ","  26,339,619 ","  129,202,428 ","  108,624,919 ","  89,804,783 ","  120,422,349 ","  90,289,847 ","  11,799,785 ","  12,206,609 ","  9,829,554 ","  27,072,191 ","  28,028,436 ","  60,290,630 ","  69,370,121 ","  47,046,026 ","  8 ","  7 "
"AREQUIPA_CAYLLOMA","1","2","1","0","3","2","3","3","0.62645810842514","0.64369583129883","0.65107202529907","0.63683122396469","0.63779735565186","0.65641558170319","0.64497673511505","0.66990238428116","  43,505,496 ","  56,401,276 ","  46,696,549 ","  61,812,583 ","  50,710,041 ","  63,261,846 ","  52,643,037 ","  53,396,170 ","  34,992,607 ","  42,625,909 ","  28,880,026 ","  30,663,298 ","  31,636,723 ","  36,470,069 ","  38,887,023 ","  38,322,486 ","  11 ","  11 "
"AREQUIPA_CONDESUYOS","0","0","0","3","1","1","0","1","0.56603342294693","0.60794413089752","0.59977179765701","0.61560994386673","0.59518218040466","0.61015665531158","0.5982711315155","0.63135695457458","  38,296,166 ","  57,554,253 ","  54,174,264 ","  91,792,068 ","  70,898,688 ","  51,305,698 ","  43,580,634 ","  36,364,448 ","  27,516,073 ","  16,136,156 ","  18,922,991 ","  49,067,521 ","  45,810,522 ","  15,503,657 ","  22,759,758 ","  12,877,454 ","  6 ","  5 "
"AREQUIPA_ISLAY","0","1","2","1","2","1","2","1","0.69243901968002","0.70232290029526","0.72014582157135","0.69473952054977","0.70292192697525","0.71957975625992","0.70942831039429","0.71938771009445","  34,702,655 ","  41,530,773 ","  44,879,977 ","  62,040,108 ","  55,936,685 ","  70,314,968 ","  66,233,066 ","  76,274,898 ","  26,701,629 ","  35,469,451 ","  32,340,897 ","  36,854,184 ","  42,850,305 ","  42,610,647 ","  51,226,499 ","  50,239,765 ","  9 ","  14 "
"AREQUIPA_LA UNION","0","1","1","0","1","5","2","3","0.49234241247177","0.51798951625824","0.53179252147675","0.53365284204483","0.51672101020813","0.53554087877274","0.5422996878624","0.56371283531189","  12,877,263 ","  13,926,811 ","  15,614,912 ","  32,268,361 ","  20,337,797 ","  20,060,461 ","  20,097,539 ","  20,163,016 ","  3,275,351 ","  3,742,428 ","  3,695,100 ","  19,303,395 ","  8,962,293 ","  14,626,967 ","  14,984,746 ","  12,376,170 ","  8 ","  7 "
"AYACUCHO_CANGALLO","1","5","0","1","5","2","2","3","0.40784540772438","0.42235970497131","0.42870265245438","0.45098361372948","0.44096586108208","0.46272334456444","0.4577271938324","0.47076773643494","  37,195,302 ","  29,741,871 ","  23,698,528 ","  38,357,426 ","  16,866,375 ","  19,809,915 ","  15,750,855 ","  27,773,294 ","  29,287,868 ","  20,418,909 ","  19,854,759 ","  33,218,940 ","  13,804,206 ","  15,646,666 ","  14,028,867 ","  23,157,444 ","  7 ","  4 "
"AYACUCHO_HUAMANGA","5","5","9","3","21","12","18","23","0.56329727172852","0.57935905456543","0.58597230911255","0.56158399581909","0.56387364864349","0.60564815998077","0.61441630125046","0.61349999904633","  85,141,943 ","  85,162,103 ","  74,411,230 ","  96,190,619 ","  104,124,887 ","  105,886,405 ","  112,480,530 ","  104,185,662 ","  68,503,002 ","  66,306,236 ","  58,787,992 ","  61,843,728 ","  80,239,077 ","  77,098,047 ","  91,944,222 ","  96,950,233 ","  13 ","  8 "
"AYACUCHO_HUANCA SANCOS","0","0","0","3","0","0","2","4","0.43117359280586","0.45698207616806","0.44933271408081","0.47475251555443","0.45442861318588","0.48775053024292","0.46193316578865","0.50089925527573","  7,304,454 ","  8,319,861 ","  10,261,740 ","  42,785,715 ","  31,494,478 ","  15,255,550 ","  11,933,459 ","  13,610,758 ","  5,596,508 ","  5,497,078 ","  8,572,170 ","  21,586,035 ","  20,884,928 ","  11,751,528 ","  5,930,164 ","  7,163,546 ","  5 ","  5 "
"AYACUCHO_HUANTA","3","2","1","0","3","7","4","17","0.47076171636581","0.49541139602661","0.49466976523399","0.4844945371151","0.48803535103798","0.51754295825958","0.54134130477905","0.53365659713745","  46,028,012 ","  60,918,759 ","  71,088,429 ","  70,188,393 ","  64,082,589 ","  59,818,694 ","  60,505,828 ","  76,914,538 ","  29,300,414 ","  31,234,767 ","  48,976,457 ","  57,184,889 ","  52,057,931 ","  42,161,178 ","  53,713,474 ","  71,909,077 ","  11 ","  5 "
"AYACUCHO_LA MAR","7","6","2","11","10","5","2","1","0.43819546699524","0.47359791398048","0.46052312850952","0.46697932481766","0.4614492058754","0.49027973413467","0.50702887773514","0.50482261180878","  41,880,222 ","  73,916,728 ","  90,921,629 ","  80,520,345 ","  48,475,800 ","  45,477,420 ","  44,189,491 ","  48,588,509 ","  23,888,991 ","  41,964,579 ","  68,143,814 ","  53,520,091 ","  37,306,735 ","  31,875,745 ","  29,135,737 ","  39,452,696 ","  7 ","  7 "
"AYACUCHO_LUCANAS","1","0","0","3","2","5","4","13","0.4808255136013","0.51377010345459","0.5026034116745","0.51979839801788","0.48955807089806","0.52965295314789","0.54179310798645","0.54644906520844","  24,773,547 ","  18,953,269 ","  28,611,490 ","  71,815,473 ","  56,136,281 ","  37,883,402 ","  32,096,775 ","  54,739,795 ","  19,559,413 ","  13,512,909 ","  17,013,436 ","  39,787,007 ","  41,156,068 ","  22,560,351 ","  17,526,355 ","  18,166,703 ","  8 ","  6 "
"AYACUCHO_PARINACOCHAS","0","0","1","5","1","3","0","5","0.49314659833908","0.53211385011673","0.51312547922134","0.51575595140457","0.49413385987282","0.53062874078751","0.53925240039825","0.56282287836075","  12,375,734 ","  11,359,410 ","  12,051,628 ","  38,722,063 ","  32,301,109 ","  32,781,003 ","  18,075,579 ","  23,798,701 ","  10,212,050 ","  9,121,101 ","  10,378,396 ","  22,693,137 ","  25,748,567 ","  27,964,743 ","  13,586,642 ","  14,801,872 ","  8 ","  3 "
"AYACUCHO_PAUCAR DEL SARA SARA","1","1","2","0","5","2","2","2","0.48649242520332","0.48503589630127","0.50916177034378","0.5126913189888","0.49345228075981","0.54526543617249","0.53802788257599","0.55012404918671","  12,021,290 ","  12,427,627 ","  20,050,300 ","  46,459,825 ","  35,604,322 ","  17,934,561 ","  8,138,603 ","  13,615,143 ","  8,238,976 ","  3,014,775 ","  10,043,151 ","  24,831,002 ","  28,894,121 ","  15,190,328 ","  6,703,438 ","  5,484,121 ","  9 ","  5 "
"AYACUCHO_SUCRE","1","0","2","2","2","1","2","3","0.43283367156982","0.44886097311974","0.45859917998314","0.47395157814026","0.45192369818687","0.4982316493988","0.48914575576782","0.50458019971848","  10,447,980 ","  13,397,646 ","  22,190,282 ","  32,690,162 ","  21,200,716 ","  11,281,276 ","  13,313,473 ","  20,854,346 ","  7,032,053 ","  5,397,618 ","  16,837,765 ","  21,524,950 ","  18,093,535 ","  7,752,475 ","  12,182,304 ","  17,057,056 ","  8 ","  5 "
"AYACUCHO_VICTOR FAJARDO","1","0","0","0","0","3","0","2","0.41246169805527","0.43113201856613","0.42436769604683","0.45609340071678","0.42402321100235","0.48238953948021","0.47000455856323","0.4815585911274","  9,140,332 ","  9,557,752 ","  10,242,819 ","  42,011,918 ","  24,432,599 ","  21,757,171 ","  17,340,895 ","  39,431,103 ","  5,545,319 ","  8,224,887 ","  7,970,308 ","  20,492,973 ","  16,331,075 ","  16,855,140 ","  7,621,765 ","  21,337,761 ","  7 ","  6 "
"AYACUCHO_VILCAS HUAMAN","0","1","4","2","11","5","1","2","0.39509093761444","0.42009764909744","0.41520291566849","0.41378951072693","0.42685264348984","0.44891315698624","0.42764580249786","0.46812212467194","  55,990,685 ","  57,626,964 ","  30,840,787 ","  35,361,579 ","  33,985,615 ","  43,722,870 ","  60,326,774 ","  52,445,285 ","  25,660,402 ","  35,091,244 ","  20,989,989 ","  25,330,013 ","  15,734,747 ","  16,168,686 ","  29,970,457 ","  26,390,806 ","  8 ","  6 "
"CAJAMARCA_CAJABAMBA","0","0","0","0","2","1","4","1","0.4486021399498","0.45546668767929","0.49036377668381","0.46427685022354","0.47083112597466","0.47502908110619","0.47024062275887","0.47290700674057","  26,534,756 ","  31,368,927 ","  33,958,497 ","  64,573,259 ","  78,629,477 ","  60,012,408 ","  78,214,579 ","  77,784,536 ","  21,050,730 ","  23,198,210 ","  25,332,535 ","  28,705,322 ","  55,787,737 ","  46,687,111 ","  31,020,386 ","  59,968,425 ","  12 ","  5 "
"CAJAMARCA_CAJAMARCA","8","7","4","8","19","10","16","26","0.57082897424698","0.57773900032043","0.60342621803284","0.55848324298859","0.59152394533157","0.57169026136398","0.5877788066864","0.59955501556396","  224,596,062 ","  158,803,646 ","  141,980,906 ","  225,758,454 ","  231,567,191 ","  273,409,901 ","  192,199,478 ","  257,109,828 ","  164,493,276 ","  122,726,374 ","  105,162,449 ","  165,202,122 ","  173,356,450 ","  196,135,632 ","  158,747,878 ","  188,799,814 ","  14 ","  7 "
"CAJAMARCA_CELENDIN","0","0","1","8","3","1","5","2","0.44189804792404","0.43889915943146","0.46260404586792","0.45810896158218","0.45944309234619","0.4559822678566","0.4511424601078","0.45639511942863","  28,492,367 ","  27,807,880 ","  41,101,648 ","  70,354,792 ","  66,371,529 ","  60,246,941 ","  45,707,215 ","  36,666,425 ","  24,354,074 ","  16,761,334 ","  17,650,347 ","  29,627,225 ","  47,882,143 ","  39,394,739 ","  36,513,345 ","  28,753,737 ","  10 ","  8 "
"CAJAMARCA_CHOTA","1","0","6","1","0","1","0","3","0.46006464958191","0.45302417874336","0.48021104931831","0.47923490405083","0.48009249567986","0.47904944419861","0.4820496737957","0.49227076768875","  81,030,968 ","  95,051,221 ","  88,736,195 ","  102,459,442 ","  87,075,291 ","  109,439,696 ","  129,649,831 ","  123,089,315 ","  51,010,523 ","  52,086,651 ","  51,757,307 ","  60,927,821 ","  62,029,954 ","  62,393,565 ","  80,358,348 ","  76,698,483 ","  8 ","  6 "
"CAJAMARCA_CONTUMAZA","0","0","0","0","0","1","0","1","0.51074141263962","0.51275563240051","0.5287162065506","0.48801922798157","0.51857954263687","0.51543170213699","0.52904903888702","0.55778115987778","  7,267,879 ","  8,824,696 ","  21,843,839 ","  39,384,485 ","  34,605,328 ","  33,742,853 ","  34,733,643 ","  23,332,473 ","  6,254,771 ","  7,358,283 ","  12,897,131 ","  21,309,952 ","  21,498,076 ","  25,765,482 ","  25,499,142 ","  15,074,239 ","  6 ","  5 "
"CAJAMARCA_CUTERVO","4","5","8","6","14","7","2","14","0.4475930929184","0.45126307010651","0.47522050142288","0.45654866099358","0.47713911533356","0.48111733794212","0.47977361083031","0.49170845746994","  58,181,992 ","  82,089,751 ","  85,303,829 ","  137,205,527 ","  105,103,627 ","  123,859,753 ","  79,366,376 ","  114,974,535 ","  46,044,859 ","  45,806,142 ","  43,564,053 ","  65,724,563 ","  61,386,301 ","  83,370,615 ","  71,312,273 ","  78,798,933 ","  7 ","  6 "
"CAJAMARCA_HUALGAYOC","2","2","0","2","1","2","9","4","0.43789997696877","0.42533087730408","0.46669727563858","0.43794041872025","0.45276632905006","0.46493020653725","0.46221131086349","0.46625998616219","  101,692,052 ","  83,495,929 ","  69,320,187 ","  107,943,872 ","  113,254,705 ","  140,228,355 ","  112,303,312 ","  133,641,249 ","  67,029,961 ","  67,631,799 ","  52,567,016 ","  65,105,565 ","  79,317,904 ","  110,663,647 ","  69,869,826 ","  98,590,402 ","  7 ","  6 "
"CAJAMARCA_JAEN","1","3","3","9","9","14","6","5","0.53752619028091","0.53615015745163","0.54954814910889","0.50596296787262","0.54871642589569","0.54970026016235","0.55761170387268","0.56769061088562","  80,527,849 ","  67,084,225 ","  68,444,513 ","  117,984,544 ","  111,289,433 ","  134,341,093 ","  117,452,666 ","  110,004,983 ","  58,112,404 ","  57,342,992 ","  60,455,241 ","  70,312,490 ","  85,771,138 ","  101,054,961 ","  84,435,924 ","  97,613,289 ","  8 ","  8 "
"CAJAMARCA_SAN IGNACIO","5","0","7","1","13","2","2","2","0.45695841312408","0.45681661367416","0.47649151086807","0.46846783161163","0.48342594504356","0.47849795222282","0.4772155880928","0.49286794662476","  63,964,860 ","  51,769,160 ","  38,775,601 ","  93,682,653 ","  86,210,715 ","  130,997,847 ","  99,539,545 ","  66,174,381 ","  47,009,323 ","  37,783,926 ","  30,677,614 ","  49,111,398 ","  67,097,385 ","  102,008,529 ","  82,371,984 ","  61,207,812 ","  8 ","  6 "
"CAJAMARCA_SAN MARCOS","2","0","1","0","2","2","4","2","0.43458330631256","0.44175758957863","0.46221315860748","0.46641385555267","0.45304521918297","0.46250152587891","0.45374226570129","0.47205826640129","  17,176,247 ","  14,626,530 ","  15,283,588 ","  40,936,663 ","  39,352,859 ","  27,155,056 ","  28,226,007 ","  27,773,851 ","  12,941,848 ","  11,846,616 ","  13,120,986 ","  19,347,010 ","  31,457,066 ","  23,361,945 ","  26,726,265 ","  21,786,861 ","  6 ","  5 "
"CAJAMARCA_SAN MIGUEL","2","0","1","3","1","4","3","7","0.44323939085007","0.44397836923599","0.46628978848457","0.46539196372032","0.45912995934486","0.44984129071236","0.46186342835426","0.46301022171974","  43,767,515 ","  24,525,909 ","  16,852,833 ","  38,700,469 ","  33,667,513 ","  51,507,683 ","  59,128,008 ","  60,457,243 ","  35,518,299 ","  17,627,721 ","  12,982,021 ","  26,952,876 ","  28,938,834 ","  45,785,730 ","  51,206,353 ","  39,936,199 ","  8 ","  5 "
"CAJAMARCA_SAN PABLO","0","0","0","2","2","2","3","5","0.42484244704247","0.43136078119278","0.45605659484863","0.46934041380882","0.44915121793747","0.45326527953148","0.45203918218613","0.47402295470238","  29,332,142 ","  18,752,363 ","  14,717,163 ","  33,973,597 ","  27,339,026 ","  17,688,149 ","  13,591,933 ","  24,499,442 ","  19,551,554 ","  16,003,533 ","  8,291,128 ","  15,747,242 ","  22,758,777 ","  14,420,902 ","  10,168,123 ","  17,173,114 ","  6 ","  7 "
"CAJAMARCA_SANTA CRUZ","0","0","0","1","2","1","2","3","0.46970123052597","0.46411183476448","0.48221218585968","0.47934666275978","0.4769501388073","0.46547201275826","0.48990967869759","0.52201437950134","  37,654,972 ","  34,075,466 ","  35,994,172 ","  70,763,084 ","  54,114,533 ","  73,027,561 ","  61,253,660 ","  54,957,786 ","  28,529,375 ","  21,086,993 ","  25,514,597 ","  37,691,078 ","  37,070,640 ","  45,637,780 ","  40,176,525 ","  41,462,514 ","  4 ","  3 "
"CALLAO_CALLAO","3","5","4","16","7","12","8","19","0.73068833351135","0.72933912277222","0.73380666971207","0.68820548057556","0.70915186405182","0.7118319272995","0.72044783830643","0.72961854934692","  358,050,295 ","  380,913,381 ","  383,382,583 ","  489,889,040 ","  464,015,595 ","  492,511,339 ","  511,888,234 ","  619,233,450 ","  308,567,889 ","  331,622,319 ","  309,744,929 ","  275,169,179 ","  289,604,847 ","  381,042,148 ","  424,063,786 ","  495,709,352 ","  14 ","  17 "
"CUSCO_ACOMAYO","0","1","0","0","0","0","0","0","0.42206543684006","0.41970634460449","0.42861771583557","0.39621579647064","0.38395968079567","0.43976351618767","0.46551740169525","0.46708512306213","  13,494,975 ","  12,863,643 ","  13,433,477 ","  25,005,308 ","  19,314,654 ","  16,270,474 ","  15,040,657 ","  16,720,240 ","  12,489,869 ","  10,187,200 ","  12,595,238 ","  12,473,129 ","  16,654,720 ","  11,731,356 ","  13,032,237 ","  10,478,819 ","  7 ","  4 "
"CUSCO_ANTA","0","0","0","0","1","0","0","1","0.50027930736542","0.50231158733368","0.48988190293312","0.44752576947212","0.45304742455482","0.50399345159531","0.52916157245636","0.53466022014618","  21,284,373 ","  33,716,365 ","  43,832,997 ","  50,615,890 ","  43,932,642 ","  63,598,359 ","  54,596,216 ","  46,221,537 ","  17,810,314 ","  20,397,442 ","  40,719,145 ","  36,007,095 ","  36,186,095 ","  59,458,746 ","  50,811,777 ","  44,835,949 ","  9 ","  7 "
"CUSCO_CALCA","2","0","3","2","1","0","4","1","0.50132656097412","0.49917617440224","0.5066990852356","0.45736122131348","0.45698529481888","0.51357042789459","0.54040449857712","0.55129957199097","  37,185,949 ","  46,663,662 ","  49,935,427 ","  60,091,040 ","  70,526,277 ","  87,571,020 ","  70,952,144 ","  59,457,645 ","  27,703,276 ","  33,721,735 ","  32,541,002 ","  39,460,181 ","  44,868,014 ","  59,373,307 ","  59,638,285 ","  52,787,971 ","  9 ","  8 "
"CUSCO_CANAS","1","5","7","8","2","6","3","15","0.39134329557419","0.40907719731331","0.41523012518883","0.37723082304001","0.38046470284462","0.43403545022011","0.45157620310783","0.45341491699219","  33,224,965 ","  40,935,695 ","  31,763,467 ","  32,224,961 ","  24,437,288 ","  34,304,549 ","  27,906,341 ","  30,314,768 ","  19,415,050 ","  29,522,801 ","  28,541,433 ","  21,615,621 ","  20,852,782 ","  29,433,372 ","  23,944,360 ","  25,380,205 ","  8 ","  9 "
"CUSCO_CANCHIS","1","5","6","2","5","8","10","4","0.51132053136826","0.51450222730637","0.51520597934723","0.46907100081444","0.47815969586372","0.52791959047318","0.54227387905121","0.54871171712875","  56,909,134 ","  60,704,829 ","  61,294,369 ","  73,749,743 ","  75,128,282 ","  124,493,544 ","  107,373,011 ","  108,577,744 ","  47,748,557 ","  51,375,194 ","  51,712,772 ","  41,747,857 ","  49,668,931 ","  94,891,068 ","  83,419,276 ","  88,429,789 ","  11 ","  8 "
"CUSCO_CHUMBIVILCAS","0","3","5","12","10","13","10","13","0.44565773010254","0.43923804163933","0.44733530282974","0.42958924174309","0.4012039899826","0.46632269024849","0.48124125599861","0.48484897613525","  52,462,963 ","  79,733,379 ","  73,369,251 ","  116,872,905 ","  95,307,724 ","  117,363,951 ","  139,607,742 ","  133,288,125 ","  42,111,325 ","  59,440,722 ","  56,891,098 ","  76,019,641 ","  61,499,558 ","  77,765,988 ","  100,431,322 ","  92,467,459 ","  10 ","  7 "
"CUSCO_CUSCO","4","4","14","14","20","11","9","13","0.65980738401413","0.68418926000595","0.69473630189896","0.57643800973892","0.60156714916229","0.67033129930496","0.67471390962601","0.68572223186493","  164,749,989 ","  207,164,708 ","  209,139,369 ","  167,498,544 ","  184,576,807 ","  197,237,657 ","  207,995,768 ","  234,800,267 ","  130,719,411 ","  145,948,473 ","  158,555,883 ","  122,553,070 ","  164,813,210 ","  173,897,859 ","  164,281,612 ","  202,691,221 ","  20 ","  9 "
"CUSCO_ESPINAR","4","6","9","6","10","13","6","15","0.5272068977356","0.53770315647125","0.5430720448494","0.46722877025604","0.47379958629608","0.53720211982727","0.55391418933868","0.55312615633011","  120,325,670 ","  207,883,478 ","  129,512,903 ","  160,435,471 ","  196,451,120 ","  259,305,826 ","  230,628,122 ","  209,191,830 ","  104,256,534 ","  187,754,483 ","  80,535,926 ","  99,973,722 ","  157,362,332 ","  178,771,019 ","  204,941,096 ","  176,440,055 ","  10 ","  7 "
"CUSCO_LA CONVENCION","16","6","17","11","20","24","15","24","0.52907937765121","0.53808915615082","0.53610056638718","0.46145185828209","0.47265830636024","0.54462194442749","0.55181592702866","0.56633567810059","  96,660,618 ","  113,646,844 ","  100,387,886 ","  173,162,376 ","  154,617,380 ","  164,958,983 ","  158,204,023 ","  131,770,856 ","  64,847,930 ","  94,781,677 ","  68,300,047 ","  106,825,009 ","  102,884,021 ","  112,926,743 ","  134,410,548 ","  121,656,117 ","  12 ","  7 "
"CUSCO_PARURO","0","0","1","3","4","3","4","2","0.39038160443306","0.38810756802559","0.38685482740402","0.38965392112732","0.37242239713669","0.4272129535675","0.43973389267921","0.4409644305706","  12,354,391 ","  21,003,703 ","  13,222,110 ","  48,626,196 ","  59,387,821 ","  23,924,870 ","  18,254,372 ","  28,708,728 ","  8,301,022 ","  16,792,916 ","  11,836,857 ","  23,451,574 ","  37,612,831 ","  19,109,230 ","  11,543,357 ","  15,279,779 ","  7 ","  7 "
"CUSCO_PAUCARTAMBO","0","0","1","2","3","5","2","6","0.3874237537384","0.36550870537758","0.37632369995117","0.36961534619331","0.36054313182831","0.41899836063385","0.42884537577629","0.43774116039276","  23,581,840 ","  25,519,955 ","  27,703,806 ","  86,577,269 ","  78,016,240 ","  63,649,897 ","  74,898,930 ","  56,247,672 ","  19,266,228 ","  20,950,922 ","  21,738,580 ","  41,684,374 ","  64,588,158 ","  47,928,854 ","  58,750,387 ","  53,220,810 ","  9 ","  6 "
"CUSCO_QUISPICANCHI","1","2","4","4","1","2","3","8","0.48438787460327","0.46907806396484","0.48813763260841","0.42723873257637","0.42981320619583","0.4894905090332","0.5081792473793","0.51639479398727","  39,922,489 ","  36,394,891 ","  50,838,108 ","  83,935,095 ","  44,116,122 ","  42,038,824 ","  38,374,749 ","  39,329,020 ","  33,244,206 ","  28,390,067 ","  40,897,892 ","  53,133,673 ","  36,664,040 ","  33,046,732 ","  35,401,969 ","  32,825,565 ","  8 ","  7 "
"CUSCO_URUBAMBA","10","13","12","9","9","15","10","19","0.55983382463455","0.56386232376099","0.5696856379509","0.49193978309631","0.50718551874161","0.57316344976425","0.58680504560471","0.58923316001892","  36,124,771 ","  33,042,937 ","  39,235,604 ","  48,076,217 ","  36,675,386 ","  55,205,536 ","  60,009,115 ","  58,419,257 ","  29,227,154 ","  25,136,663 ","  25,363,619 ","  41,689,490 ","  32,860,231 ","  41,394,911 ","  50,241,208 ","  50,026,610 ","  10 ","  8 "
"HUANCAVELICA_ACOBAMBA","1","1","1","1","1","1","0","3","0.43234947323799","0.42959961295128","0.43546384572983","0.44977769255638","0.47703382372856","0.47907364368439","0.50054496526718","0.51276451349258","  26,385,791 ","  36,343,211 ","  34,365,096 ","  56,702,542 ","  45,845,081 ","  28,258,896 ","  22,548,714 ","  27,909,440 ","  18,633,187 ","  27,938,172 ","  28,369,243 ","  29,756,520 ","  36,677,696 ","  22,408,256 ","  19,440,031 ","  16,146,066 ","  7 ","  4 "
"HUANCAVELICA_ANGARAES","0","4","5","0","6","4","4","1","0.42931658029556","0.46670815348625","0.46438279747963","0.49604293704033","0.50019526481628","0.50831258296967","0.52803510427475","0.53603273630142","  50,337,996 ","  43,934,323 ","  40,094,318 ","  72,855,985 ","  54,142,008 ","  56,764,602 ","  72,589,856 ","  54,521,869 ","  34,955,960 ","  36,157,093 ","  31,084,029 ","  40,127,467 ","  45,195,428 ","  29,171,246 ","  54,818,246 ","  40,871,823 ","  9 ","  4 "
"HUANCAVELICA_CASTROVIRREYNA","0","2","1","2","0","1","5","1","0.42515370249748","0.44096654653549","0.44802415370941","0.4786342382431","0.48859137296677","0.50376844406128","0.50743502378464","0.52661556005478","  13,445,574 ","  11,281,443 ","  12,696,586 ","  62,152,364 ","  50,113,996 ","  36,836,471 ","  11,762,608 ","  15,967,532 ","  11,020,043 ","  9,346,836 ","  8,668,719 ","  24,819,440 ","  27,874,170 ","  22,977,512 ","  8,183,062 ","  8,174,801 ","  8 ","  4 "
"HUANCAVELICA_CHURCAMPA","1","2","3","3","13","1","5","7","0.40596029162407","0.40947461128235","0.42860409617424","0.45026364922523","0.45662018656731","0.45117357373238","0.47345575690269","0.50704824924469","  17,408,269 ","  12,551,694 ","  14,117,283 ","  38,341,541 ","  40,161,921 ","  34,735,394 ","  21,105,010 ","  18,923,649 ","  14,648,210 ","  8,822,162 ","  10,367,360 ","  16,351,867 ","  31,038,994 ","  24,326,213 ","  16,894,053 ","  12,529,919 ","  5 ","  5 "
"HUANCAVELICA_HUANCAVELICA","3","3","4","6","6","8","12","19","0.47985836863518","0.51537936925888","0.51375037431717","0.51339137554169","0.54137146472931","0.56851768493652","0.57362800836563","0.58167135715485","  51,839,120 ","  52,358,952 ","  73,622,044 ","  95,886,022 ","  72,268,336 ","  84,289,503 ","  74,674,575 ","  60,907,642 ","  35,941,257 ","  41,849,615 ","  46,930,438 ","  60,961,177 ","  60,507,237 ","  57,108,555 ","  66,422,439 ","  53,757,901 ","  10 ","  3 "
"HUANCAVELICA_HUAYTARA","1","0","1","0","0","0","3","1","0.45311293005943","0.44849276542664","0.46143195033073","0.46867626905441","0.49718901515007","0.49767732620239","0.4965136051178","0.5317879319191","  8,528,492 ","  11,839,458 ","  14,855,288 ","  47,995,082 ","  29,346,963 ","  20,130,521 ","  31,024,955 ","  18,718,643 ","  5,699,371 ","  9,545,596 ","  12,769,077 ","  29,536,599 ","  22,061,828 ","  11,603,717 ","  18,782,969 ","  14,019,238 ","  9 ","  4 "
"HUANCAVELICA_TAYACAJA","13","6","11","18","12","7","21","26","0.41354897618294","0.42320626974106","0.438486546278","0.42853829264641","0.46070808172226","0.45572581887245","0.47806176543236","0.50469893217087","  31,357,654 ","  33,343,236 ","  43,325,525 ","  83,033,337 ","  65,831,395 ","  56,733,762 ","  44,756,383 ","  48,974,070 ","  20,661,066 ","  19,204,787 ","  27,690,190 ","  44,079,453 ","  50,594,130 ","  43,971,985 ","  33,199,476 ","  33,027,935 ","  7 ","  4 "
"HUANUCO_AMBO","4","5","4","6","5","1","4","11","0.48899099230766","0.4795273244381","0.49175301194191","0.48422786593437","0.47461807727814","0.45103082060814","0.47966855764389","0.467728048563","  56,920,275 ","  53,717,383 ","  35,498,549 ","  64,028,238 ","  83,332,723 ","  105,249,566 ","  53,515,540 ","  50,744,059 ","  37,267,082 ","  28,494,633 ","  25,981,834 ","  40,832,158 ","  43,958,613 ","  55,231,859 ","  42,054,003 ","  40,782,157 ","  8 ","  8 "
"HUANUCO_DOS DE MAYO","0","2","0","1","2","2","5","4","0.46945485472679","0.47740861773491","0.48473992943764","0.47870436310768","0.47963771224022","0.45215407013893","0.4634502530098","0.44389376044273","  34,604,718 ","  40,948,331 ","  29,054,482 ","  34,541,490 ","  21,464,223 ","  22,804,741 ","  18,584,370 ","  18,086,763 ","  19,024,277 ","  29,258,276 ","  20,254,670 ","  23,368,320 ","  17,227,508 ","  13,351,950 ","  14,799,184 ","  12,598,413 ","  10 ","  6 "
"HUANUCO_HUACAYBAMBA","4","5","4","4","2","4","8","4","0.46180284023285","0.4465264081955","0.47283017635345","0.47426840662956","0.44950765371323","0.42282903194427","0.43498915433884","0.40732845664024","  9,982,112 ","  5,687,853 ","  4,984,374 ","  18,315,575 ","  16,270,377 ","  15,767,675 ","  9,595,579 ","  11,258,541 ","  8,106,009 ","  4,513,673 ","  3,540,447 ","  9,715,033 ","  13,917,072 ","  9,048,503 ","  7,743,878 ","  6,783,246 ","  9 ","  4 "
"HUANUCO_HUAMALIES","0","6","2","9","16","3","7","7","0.4600615799427","0.4709455370903","0.48065128922462","0.46511107683182","0.47186151146889","0.44969171285629","0.46473863720894","0.42292389273643","  30,074,781 ","  43,297,694 ","  22,726,716 ","  36,132,566 ","  29,088,244 ","  29,675,169 ","  25,084,240 ","  24,521,700 ","  19,400,268 ","  33,341,210 ","  15,952,041 ","  19,382,741 ","  23,462,268 ","  24,232,563 ","  20,894,836 ","  19,665,637 ","  10 ","  7 "
"HUANUCO_HUANUCO","13","4","5","8","5","6","12","19","0.56477737426758","0.58224451541901","0.5811385512352","0.56613129377365","0.56314992904663","0.55247992277145","0.5794615149498","0.56148874759674","  61,512,337 ","  62,896,144 ","  60,779,931 ","  91,651,450 ","  70,550,142 ","  86,101,100 ","  94,118,158 ","  108,273,235 ","  45,476,744 ","  48,765,504 ","  50,994,511 ","  67,747,600 ","  64,960,277 ","  70,409,965 ","  73,197,577 ","  90,123,052 ","  16 ","  9 "
"HUANUCO_LAURICOCHA","2","2","3","1","0","3","2","5","0.45870500802994","0.47095453739166","0.48263731598854","0.46381345391273","0.46217310428619","0.46248862147331","0.44519978761673","0.43365743756294","  13,802,435 ","  14,323,092 ","  11,562,705 ","  23,916,446 ","  13,098,145 ","  17,721,940 ","  18,261,708 ","  19,912,864 ","  6,658,985 ","  9,216,354 ","  9,517,562 ","  17,559,925 ","  9,891,410 ","  11,577,673 ","  14,662,295 ","  13,985,577 ","  11 ","  4 "
"HUANUCO_LEONCIO PRADO","3","1","1","1","5","3","3","10","0.56554174423218","0.57301509380341","0.58685493469238","0.53656500577927","0.56084597110748","0.56531846523285","0.58348989486694","0.55409717559814","  65,168,081 ","  66,312,140 ","  71,527,655 ","  79,403,202 ","  62,574,410 ","  72,995,286 ","  79,572,229 ","  64,881,242 ","  23,622,638 ","  26,427,058 ","  41,671,236 ","  57,522,560 ","  45,146,531 ","  43,364,046 ","  57,719,248 ","  54,536,586 ","  15 ","  6 "
"HUANUCO_MARAÃ‘ON","0","4","3","2","1","2","2","0","0.48179429769516","0.46672859787941","0.48748832941055","0.46865510940552","0.47484865784645","0.44384875893593","0.45565646886826","0.44679436087608","  26,751,238 ","  16,309,379 ","  12,552,678 ","  16,391,551 ","  17,424,950 ","  39,389,085 ","  43,778,836 ","  38,821,749 ","  19,274,971 ","  13,470,753 ","  8,529,246 ","  10,951,888 ","  10,355,508 ","  30,169,598 ","  23,241,910 ","  30,744,424 ","  8 ","  6 "
"HUANUCO_PACHITEA","1","1","3","1","3","1","3","14","0.41986188292503","0.41378176212311","0.42963922023773","0.42782840132713","0.42088994383812","0.39587020874023","0.42804560065269","0.4052757024765","  25,750,625 ","  27,811,034 ","  38,155,977 ","  55,738,084 ","  42,365,622 ","  39,886,939 ","  46,347,634 ","  55,948,143 ","  19,698,040 ","  19,604,484 ","  24,908,935 ","  40,262,911 ","  33,185,677 ","  29,222,822 ","  22,018,861 ","  42,428,399 ","  11 ","  6 "
"HUANUCO_PUERTO INCA","0","0","1","2","5","0","3","4","0.51026630401611","0.50610601902008","0.50889337062836","0.47094762325287","0.49077567458153","0.49415129423141","0.4935240149498","0.48818668723106","  39,728,735 ","  43,891,915 ","  36,734,863 ","  32,324,291 ","  19,455,390 ","  29,027,698 ","  28,635,090 ","  26,856,294 ","  31,776,734 ","  19,921,160 ","  11,907,174 ","  24,365,066 ","  15,704,375 ","  19,415,192 ","  24,065,514 ","  19,394,983 ","  11 ","  4 "
"HUANUCO_YAROWILCA","1","1","1","3","8","2","2","5","0.41437029838562","0.431785851717","0.43510788679123","0.43162962794304","0.43478816747665","0.41322848200798","0.4100387096405","0.36526256799698","  41,802,041 ","  31,041,402 ","  13,678,623 ","  20,992,435 ","  17,291,074 ","  20,053,941 ","  22,614,947 ","  16,343,749 ","  17,461,229 ","  26,810,330 ","  10,265,078 ","  11,428,191 ","  14,976,225 ","  11,346,652 ","  12,271,319 ","  8,455,887 ","  10 ","  10 "
"ICA_CHINCHA","1","0","0","0","2","1","1","2","0.68841117620468","0.69109559059143","0.69728285074234","0.67499387264252","0.68663161993027","0.68756049871445","0.68520450592041","0.68963873386383","  68,530,051 ","  75,792,324 ","  58,569,479 ","  64,635,673 ","  85,306,917 ","  133,189,067 ","  146,657,797 ","  114,472,621 ","  42,189,470 ","  54,361,948 ","  37,641,043 ","  34,945,186 ","  51,787,544 ","  75,481,121 ","  101,156,014 ","  97,306,633 ","  14 ","  10 "
"ICA_ICA","2","8","7","0","3","4","4","28","0.707350730896","0.71069639921188","0.71784472465515","0.69837552309036","0.70366793870926","0.70827078819275","0.70601373910904","0.70814281702042","  108,656,723 ","  140,956,329 ","  125,885,167 ","  159,705,702 ","  151,230,225 ","  220,603,616 ","  251,287,922 ","  282,556,580 ","  61,979,576 ","  102,205,346 ","  91,863,710 ","  100,254,431 ","  111,192,991 ","  119,218,888 ","  128,133,896 ","  178,676,585 ","  13 ","  8 "
"ICA_NASCA","1","4","3","0","2","4","0","2","0.69145089387894","0.7033132314682","0.71512407064438","0.68238282203674","0.70006197690964","0.70504808425903","0.70733815431595","0.70279663801193","  35,076,856 ","  38,467,053 ","  40,395,972 ","  89,730,994 ","  112,495,042 ","  199,561,665 ","  180,560,234 ","  153,061,653 ","  22,696,343 ","  22,734,814 ","  25,893,989 ","  35,175,447 ","  50,802,669 ","  141,665,268 ","  123,000,811 ","  105,936,002 ","  7 ","  5 "
"ICA_PALPA","1","1","1","1","5","2","1","3","0.65999990701675","0.66192078590393","0.67199915647507","0.65283614397049","0.66164702177048","0.66874724626541","0.67028617858887","0.67938500642776","  6,603,116 ","  8,898,815 ","  14,916,043 ","  26,213,152 ","  16,391,676 ","  14,128,477 ","  16,899,023 ","  15,132,775 ","  3,860,985 ","  3,101,449 ","  4,796,842 ","  15,295,270 ","  12,611,880 ","  7,052,073 ","  15,206,524 ","  8,928,880 ","  7 ","  4 "
"ICA_PISCO","3","2","0","0","2","2","1","2","0.68220543861389","0.69341635704041","0.70017862319946","0.67304009199142","0.68447375297546","0.69189393520355","0.68733644485474","0.69453573226929","  44,766,382 ","  51,363,497 ","  41,797,675 ","  80,993,652 ","  74,245,565 ","  122,432,522 ","  116,154,167 ","  85,173,135 ","  29,432,467 ","  43,525,282 ","  34,937,217 ","  53,407,123 ","  54,720,944 ","  69,719,468 ","  75,018,996 ","  68,366,809 ","  14 ","  8 "
"JUNIN_CHANCHAMAYO","0","0","0","2","0","0","0","0","0.58144170045853","0.57051646709442","0.57525074481964","0.56910389661789","0.57039606571198","0.58571535348892","0.59581536054611","0.61037564277649","  40,133,848 ","  40,948,201 ","  42,019,256 ","  95,973,058 ","  70,544,704 ","  63,763,021 ","  60,181,836 ","  57,008,850 ","  27,878,497 ","  33,086,127 ","  28,107,388 ","  61,292,119 ","  60,627,990 ","  50,526,558 ","  52,270,693 ","  41,671,920 ","  13 ","  10 "
"JUNIN_CHUPACA","3","10","8","22","12","15","27","15","0.56159561872482","0.54997950792313","0.57707476615906","0.5523886680603","0.56584638357162","0.58861047029495","0.58512192964554","0.58514195680618","  27,188,782 ","  18,186,638 ","  15,441,972 ","  27,549,824 ","  29,910,368 ","  32,754,540 ","  28,230,600 ","  30,495,783 ","  22,126,683 ","  16,542,658 ","  11,279,626 ","  17,387,373 ","  21,043,120 ","  26,284,351 ","  23,021,950 ","  25,825,663 ","  12 ","  8 "
"JUNIN_CONCEPCION","1","0","5","1","5","9","15","5","0.54842013120651","0.54085057973862","0.55895066261292","0.54209887981415","0.55578774213791","0.57635903358459","0.57575911283493","0.58387434482574","  19,037,474 ","  13,270,694 ","  20,271,244 ","  43,669,454 ","  34,842,908 ","  23,118,324 ","  19,725,478 ","  24,850,428 ","  15,062,761 ","  11,976,465 ","  14,862,461 ","  20,953,273 ","  28,680,718 ","  16,765,339 ","  15,612,553 ","  19,286,878 ","  8 ","  8 "
"JUNIN_HUANCAYO","3","3","5","6","7","6","21","8","0.62594050168991","0.62431460618973","0.63831269741058","0.62573254108429","0.62134140729904","0.63902229070663","0.64758175611496","0.64698618650436","  152,751,436 ","  135,332,319 ","  129,747,217 ","  143,978,667 ","  127,673,903 ","  136,198,810 ","  128,885,125 ","  171,846,820 ","  117,796,252 ","  97,436,418 ","  105,490,887 ","  110,661,386 ","  108,738,452 ","  119,704,725 ","  116,468,382 ","  151,652,777 ","  13 ","  13 "
"JUNIN_JAUJA","4","3","9","13","11","10","25","27","0.5690204501152","0.56842297315598","0.58148670196533","0.55726730823517","0.57423907518387","0.58960449695587","0.59742325544357","0.60053420066833","  31,650,506 ","  53,029,924 ","  44,666,924 ","  95,989,449 ","  93,520,604 ","  46,006,375 ","  25,934,178 ","  35,178,872 ","  25,421,213 ","  24,773,984 ","  13,941,542 ","  50,603,589 ","  64,626,887 ","  38,089,575 ","  18,488,150 ","  22,516,173 ","  12 ","  9 "
"JUNIN_JUNIN","1","0","5","5","6","2","12","3","0.53572106361389","0.52169388532639","0.54175364971161","0.523517370224","0.5350239276886","0.54966938495636","0.56390047073364","0.55991077423096","  19,291,148 ","  21,667,104 ","  11,704,145 ","  36,860,321 ","  29,533,289 ","  18,850,376 ","  12,395,256 ","  11,926,053 ","  12,585,717 ","  15,365,181 ","  7,942,789 ","  18,415,088 ","  26,115,390 ","  14,942,658 ","  10,004,217 ","  8,440,430 ","  9 ","  6 "
"JUNIN_SATIPO","2","2","1","8","7","8","4","14","0.51537591218948","0.51930451393127","0.5186396241188","0.50431436300278","0.52936244010925","0.541499376297","0.55155551433563","0.56571310758591","  106,356,114 ","  105,403,740 ","  82,776,267 ","  114,946,529 ","  95,938,847 ","  114,320,578 ","  89,861,876 ","  105,007,966 ","  58,705,514 ","  91,186,918 ","  60,752,118 ","  69,952,119 ","  65,216,078 ","  92,265,950 ","  73,137,803 ","  89,262,307 ","  14 ","  10 "
"JUNIN_TARMA","7","8","5","8","18","18","14","19","0.56123405694962","0.55599403381348","0.56234019994736","0.55712246894836","0.56208544969559","0.57808858156204","0.58964931964874","0.59206980466843","  25,761,277 ","  25,776,934 ","  29,863,104 ","  50,711,041 ","  39,251,662 ","  34,853,829 ","  31,111,283 ","  39,017,522 ","  17,176,594 ","  16,546,491 ","  17,692,790 ","  31,767,038 ","  34,106,985 ","  30,235,930 ","  23,509,690 ","  33,902,963 ","  14 ","  7 "
"JUNIN_YAULI","1","0","3","3","8","1","5","2","0.66055303812027","0.64800637960434","0.64046853780746","0.63321393728256","0.62981617450714","0.64242494106293","0.64425927400589","0.6437805891037","  32,608,021 ","  44,562,977 ","  35,423,591 ","  52,001,278 ","  41,198,725 ","  34,987,060 ","  41,230,723 ","  43,363,121 ","  17,981,380 ","  27,510,484 ","  22,408,345 ","  26,742,415 ","  25,898,435 ","  20,043,549 ","  20,256,688 ","  33,815,712 ","  12 ","  8 "
"LA LIBERTAD_ASCOPE","0","2","3","2","3","8","6","2","0.63872110843658","0.6572493314743","0.65167796611786","0.61058413982391","0.64083129167557","0.64102077484131","0.64289647340775","0.63031721115112","  16,677,564 ","  21,545,461 ","  18,713,790 ","  55,223,336 ","  67,691,805 ","  27,386,121 ","  27,765,224 ","  38,485,358 ","  10,272,462 ","  14,920,155 ","  16,101,878 ","  32,202,778 ","  60,447,635 ","  24,202,045 ","  13,078,991 ","  18,969,005 ","  6 ","  7 "
"LA LIBERTAD_BOLIVAR","0","0","3","2","0","3","1","6","0.43806856870651","0.4463928937912","0.48709791898727","0.45252621173859","0.50706571340561","0.48981422185898","0.4993060529232","0.50656801462173","  29,935,243 ","  21,291,223 ","  20,446,099 ","  45,123,811 ","  22,239,039 ","  13,489,216 ","  8,519,965 ","  25,441,707 ","  13,723,811 ","  12,295,358 ","  9,940,539 ","  32,355,604 ","  15,000,811 ","  12,091,141 ","  6,629,564 ","  18,305,691 ","  5 ","  4 "
"LA LIBERTAD_CHEPEN","1","1","2","3","4","7","6","5","0.61317259073257","0.62636399269104","0.63549250364304","0.58358353376389","0.62240207195282","0.62103992700577","0.624272108078","0.63807547092438","  32,655,890 ","  32,290,419 ","  33,824,448 ","  64,988,196 ","  59,177,599 ","  86,787,941 ","  51,725,223 ","  49,411,438 ","  15,989,144 ","  18,120,166 ","  18,885,602 ","  48,208,276 ","  40,950,232 ","  58,644,322 ","  29,507,244 ","  40,844,824 ","  12 ","  11 "
"LA LIBERTAD_GRAN CHIMU","0","2","0","0","3","7","8","14","0.48670414090157","0.49726936221123","0.51273107528687","0.49280196428299","0.53676283359528","0.55274295806885","0.53613609075546","0.51585984230042","  13,692,267 ","  18,401,724 ","  42,472,070 ","  57,519,855 ","  60,846,134 ","  55,559,899 ","  62,156,732 ","  56,060,563 ","  9,545,066 ","  8,670,861 ","  15,245,084 ","  29,815,950 ","  36,858,419 ","  33,153,333 ","  29,567,057 ","  36,685,712 ","  7 ","  7 "
"LA LIBERTAD_JULCAN","0","1","0","1","1","4","11","3","0.43193408846855","0.40841096639633","0.45782482624054","0.41642534732819","0.45716616511345","0.45055085420609","0.47426918148994","0.45036679506302","  32,719,993 ","  35,419,584 ","  27,545,816 ","  53,521,061 ","  50,412,022 ","  50,704,841 ","  33,206,316 ","  43,472,145 ","  27,575,804 ","  21,828,106 ","  18,493,722 ","  21,376,653 ","  32,862,304 ","  36,325,355 ","  19,120,032 ","  27,953,042 ","  8 ","  5 "
"LA LIBERTAD_OTUZCO","0","0","0","2","6","15","6","2","0.43939977884293","0.44784250855446","0.4653545320034","0.44175255298615","0.4798249900341","0.48581087589264","0.4863204061985","0.46814996004105","  22,541,989 ","  58,957,136 ","  90,159,768 ","  72,849,735 ","  76,102,433 ","  73,219,000 ","  58,025,009 ","  61,942,178 ","  19,520,662 ","  18,348,600 ","  65,586,601 ","  39,617,540 ","  50,176,788 ","  45,862,417 ","  33,828,254 ","  49,238,754 ","  10 ","  5 "
"LA LIBERTAD_PACASMAYO","2","0","0","2","4","6","6","2","0.62936741113663","0.64474016427994","0.65236204862595","0.59893351793289","0.6337348818779","0.62772744894028","0.63529521226883","0.6437052488327","  15,453,543 ","  17,041,935 ","  26,138,775 ","  35,405,578 ","  30,849,024 ","  29,630,378 ","  21,263,348 ","  23,835,281 ","  10,888,567 ","  11,273,998 ","  21,048,409 ","  23,314,121 ","  23,597,843 ","  24,165,462 ","  17,430,081 ","  21,576,759 ","  9 ","  8 "
"LA LIBERTAD_PATAZ","0","3","4","0","15","21","5","2","0.4971296787262","0.49215111136436","0.53010988235474","0.4804799258709","0.53112310171127","0.53650552034378","0.52038478851318","0.53690040111542","  34,169,575 ","  40,636,626 ","  53,029,294 ","  109,393,026 ","  66,981,508 ","  67,697,309 ","  73,274,307 ","  61,830,583 ","  25,459,185 ","  29,126,003 ","  33,591,828 ","  53,877,627 ","  52,108,746 ","  49,734,153 ","  56,178,196 ","  45,084,023 ","  9 ","  4 "
"LA LIBERTAD_SANCHEZ CARRION","0","0","0","0","0","1","0","0","0.44872063398361","0.44037127494812","0.48343482613564","0.44859039783478","0.47429728507996","0.48627778887749","0.47643673419952","0.48948323726654","  89,706,374 ","  187,986,537 ","  249,281,935 ","  271,415,728 ","  306,256,626 ","  298,321,538 ","  207,619,684 ","  202,347,725 ","  72,407,763 ","  66,924,209 ","  102,662,403 ","  102,044,752 ","  116,337,934 ","  98,382,418 ","  90,551,916 ","  116,386,729 ","  7 ","  6 "
"LA LIBERTAD_SANTIAGO DE CHUCO","0","0","0","0","0","0","0","1","0.4917556643486","0.48743304610252","0.51007783412933","0.46394771337509","0.50014215707779","0.50368863344193","0.50488555431366","0.48431205749512","  46,808,429 ","  41,460,530 ","  81,091,321 ","  110,232,094 ","  73,156,390 ","  54,150,010 ","  43,264,518 ","  49,192,277 ","  37,930,033 ","  17,676,173 ","  49,142,864 ","  71,263,677 ","  52,604,719 ","  44,290,528 ","  31,275,105 ","  32,027,212 ","  11 ","  7 "
"LA LIBERTAD_TRUJILLO","1","2","0","0","5","2","0","2","0.6895437836647","0.68153858184814","0.69759690761566","0.64164733886719","0.66441887617111","0.67204433679581","0.68017941713333","0.6939612030983","  209,957,096 ","  237,493,626 ","  271,435,675 ","  276,114,391 ","  301,746,483 ","  276,641,776 ","  335,836,693 ","  265,377,943 ","  166,186,101 ","  172,180,878 ","  173,287,861 ","  194,679,205 ","  242,764,041 ","  220,390,076 ","  214,321,901 ","  225,159,732 ","  18 ","  11 "
"LA LIBERTAD_VIRU","0","0","0","0","0","0","0","1","0.59336721897125","0.60129100084305","0.60158777236938","0.57655030488968","0.60445111989975","0.61155164241791","0.60637956857681","0.60145032405853","  101,328,593 ","  136,262,149 ","  144,610,701 ","  154,269,585 ","  144,063,193 ","  115,393,513 ","  75,615,956 ","  98,373,632 ","  39,980,887 ","  72,958,820 ","  84,565,464 ","  76,281,865 ","  99,716,714 ","  83,514,792 ","  40,405,935 ","  55,936,665 ","  10 ","  8 "
"LAMBAYEQUE_CHICLAYO","12","12","27","11","20","16","11","17","0.6601175069809","0.66996419429779","0.67184084653854","0.64981776475906","0.65223175287247","0.65528047084808","0.65066981315613","0.6467547416687","  162,206,556 ","  162,820,917 ","  162,362,375 ","  191,966,196 ","  234,080,545 ","  268,820,966 ","  214,675,130 ","  222,023,218 ","  120,133,466 ","  121,160,415 ","  110,920,544 ","  111,449,196 ","  142,391,912 ","  190,810,344 ","  140,296,588 ","  162,434,077 ","  15 ","  12 "
"LAMBAYEQUE_FERREÃ‘AFE","2","0","1","0","5","2","1","9","0.54562067985535","0.54615128040314","0.56066244840622","0.55304312705994","0.54429090023041","0.56613034009933","0.55114710330963","0.54964810609818","  20,228,453 ","  27,634,095 ","  31,470,897 ","  61,766,420 ","  51,084,173 ","  50,253,784 ","  37,966,903 ","  47,428,680 ","  16,248,289 ","  15,784,229 ","  20,200,462 ","  33,194,916 ","  40,340,448 ","  40,240,713 ","  30,413,785 ","  31,260,401 ","  7 ","  9 "
"LAMBAYEQUE_LAMBAYEQUE","3","3","5","5","11","12","3","8","0.58225256204605","0.57447224855423","0.58639186620712","0.56654757261276","0.57431721687317","0.59218871593475","0.58184796571732","0.57467180490494","  74,295,785 ","  70,408,758 ","  68,769,277 ","  117,373,785 ","  107,292,917 ","  122,643,374 ","  134,236,328 ","  111,146,830 ","  45,293,486 ","  40,652,031 ","  43,486,383 ","  54,108,716 ","  86,380,726 ","  73,920,601 ","  82,008,480 ","  79,415,195 ","  12 ","  11 "
"LIMA_BARRANCA","0","0","0","1","0","0","0","0","0.6514710187912","0.65129405260086","0.64844858646393","0.60466641187668","0.60828942060471","0.64599114656448","0.63763570785522","0.64710742235184","  37,985,226 ","  39,830,694 ","  42,465,941 ","  53,501,993 ","  56,641,887 ","  62,326,613 ","  66,553,693 ","  58,769,668 ","  28,215,351 ","  31,121,769 ","  32,598,916 ","  38,469,694 ","  43,593,932 ","  51,282,056 ","  56,869,546 ","  53,473,365 ","  17 ","  11 "
"LIMA_CAJATAMBO","0","0","0","0","0","1","0","0","0.4967246055603","0.52775204181671","0.52233302593231","0.51131701469421","0.48106524348259","0.50584161281586","0.50005358457565","0.53795462846756","  3,087,261 ","  5,032,764 ","  3,995,796 ","  19,931,804 ","  19,251,547 ","  12,952,800 ","  6,255,090 ","  4,594,700 ","  2,070,422 ","  2,986,631 ","  3,220,188 ","  11,610,070 ","  13,077,016 ","  10,728,342 ","  4,992,948 ","  3,697,055 ","  6 ","  5 "
"LIMA_CANTA","1","1","15","3","4","6","5","6","0.58523261547089","0.59638625383377","0.59504455327988","0.54735279083252","0.54589772224426","0.58456158638","0.58966320753098","0.57735133171082","  4,873,044 ","  4,687,939 ","  5,302,778 ","  17,320,979 ","  13,555,470 ","  9,236,915 ","  8,872,195 ","  10,207,863 ","  4,041,111 ","  3,960,472 ","  3,226,651 ","  7,601,694 ","  8,990,623 ","  5,029,232 ","  7,843,932 ","  4,828,974 ","  9 ","  7 "
"LIMA_CAÃ‘ETE","0","0","0","0","0","1","0","0","0.65621268749237","0.66332405805588","0.65658777952194","0.60051822662354","0.61150574684143","0.65927910804749","0.66166907548904","0.65369611978531","  80,787,932 ","  57,793,709 ","  63,174,244 ","  91,929,729 ","  77,542,812 ","  110,396,107 ","  118,339,114 ","  100,362,779 ","  50,059,311 ","  39,697,082 ","  34,680,965 ","  56,327,231 ","  59,206,845 ","  70,202,095 ","  86,368,011 ","  68,684,391 ","  19 ","  11 "
"LIMA_HUARAL","1","0","1","0","0","1","1","2","0.63735222816467","0.65226703882217","0.64904308319092","0.59509366750717","0.59978169202805","0.63911098241806","0.64690226316452","0.64987617731094","  67,037,296 ","  129,272,778 ","  155,552,232 ","  164,279,647 ","  157,783,405 ","  181,931,611 ","  114,049,381 ","  133,028,578 ","  50,685,761 ","  55,414,386 ","  59,053,759 ","  58,653,837 ","  51,337,768 ","  80,841,585 ","  62,644,923 ","  95,808,253 ","  19 ","  12 "
"LIMA_HUAROCHIRI","3","2","13","9","0","0","0","0","0.62570708990097","0.63568353652954","0.62720519304276","0.58680325746536","0.59127050638199","0.62306725978851","0.6271944642067","0.62827038764954","  21,511,478 ","  28,607,353 ","  24,896,936 ","  40,514,651 ","  70,788,356 ","  57,251,290 ","  36,718,839 ","  29,455,280 ","  15,447,096 ","  22,458,298 ","  15,282,212 ","  28,535,961 ","  62,611,188 ","  51,673,828 ","  29,685,757 ","  24,634,977 ","  10 ","  9 "
"LIMA_HUAURA","2","3","0","3","9","7","3","8","0.66166788339615","0.66558873653412","0.66052061319351","0.61107993125916","0.62111777067184","0.6733825802803","0.66206085681915","0.65735626220703","  60,544,441 ","  61,961,498 ","  50,569,947 ","  69,018,025 ","  106,059,770 ","  80,032,853 ","  99,678,589 ","  108,929,709 ","  38,972,085 ","  43,423,325 ","  37,625,207 ","  40,390,221 ","  46,037,056 ","  47,685,493 ","  61,454,113 ","  87,815,187 ","  16 ","  10 "
"LIMA_OYON","0","0","0","0","0","1","0","0","0.57501417398453","0.58071315288544","0.56407284736633","0.53162306547165","0.52403694391251","0.56290280818939","0.53981757164001","0.59895116090775","  18,386,411 ","  22,718,212 ","  26,237,781 ","  45,129,074 ","  26,922,154 ","  20,339,465 ","  14,017,428 ","  27,662,978 ","  13,884,994 ","  16,205,445 ","  13,589,222 ","  35,926,102 ","  20,849,373 ","  13,966,402 ","  11,651,526 ","  13,400,734 ","  8 ","  9 "
"LIMA_YAUYOS","0","0","1","0","0","0","0","0","0.53778094053268","0.56079250574112","0.54428899288177","0.53095304965973","0.5047355890274","0.55461168289185","0.51921933889389","0.53306657075882","  7,592,891 ","  17,089,568 ","  28,840,493 ","  60,883,997 ","  63,474,097 ","  52,058,182 ","  31,729,600 ","  14,037,586 ","  5,800,422 ","  4,702,617 ","  12,017,474 ","  19,723,334 ","  43,901,804 ","  36,974,048 ","  17,756,372 ","  5,283,842 ","  10 ","  8 "
"LORETO_ALTO AMAZONAS","0","0","0","1","0","0","0","0","0.53837764263153","0.55594927072525","0.5435882806778","0.50083321332932","0.50293684005737","0.53099876642227","0.52528125047684","0.53071713447571","  61,846,218 ","  48,566,999 ","  94,729,761 ","  119,397,979 ","  99,791,986 ","  99,245,890 ","  95,802,147 ","  158,177,045 ","  33,701,523 ","  32,197,276 ","  86,912,946 ","  100,465,669 ","  88,932,480 ","  80,652,560 ","  74,848,840 ","  83,587,259 ","  8 ","  9 "
"LORETO_DATEM DEL MARAÃ‘ON","4","0","5","3","5","4","1","9","0.43578433990479","0.44586810469627","0.44069543480873","0.43844616413116","0.43629881739616","0.46259614825249","0.44256386160851","0.44902768731117","  36,877,242 ","  23,563,881 ","  19,196,617 ","  35,698,966 ","  43,457,984 ","  31,718,507 ","  36,918,572 ","  50,900,824 ","  31,684,329 ","  21,547,082 ","  11,956,781 ","  20,454,889 ","  31,280,205 ","  25,566,312 ","  24,292,085 ","  37,925,394 ","  11 ","  7 "
"LORETO_LORETO","3","1","44","13","11","9","16","18","0.46410363912582","0.46240276098251","0.47370091080666","0.44443795084953","0.44428995251656","0.4738076031208","0.45910459756851","0.46238920092583","  25,743,514 ","  72,600,470 ","  108,647,482 ","  116,780,887 ","  88,802,206 ","  105,777,517 ","  93,203,557 ","  73,665,623 ","  19,881,531 ","  17,764,579 ","  18,377,500 ","  70,703,770 ","  63,113,712 ","  78,916,485 ","  72,314,204 ","  65,481,787 ","  12 ","  7 "
"LORETO_MARISCAL RAMON CASTILLA","0","0","0","0","0","0","1","0","0.4591751396656","0.46114140748978","0.47371965646744","0.45179307460785","0.45131719112396","0.47430565953255","0.45955988764763","0.48506784439087","  31,956,457 ","  21,878,932 ","  19,454,233 ","  33,992,185 ","  34,147,371 ","  41,832,747 ","  45,942,072 ","  42,897,247 ","  26,971,359 ","  19,421,235 ","  15,540,029 ","  18,815,090 ","  20,788,198 ","  25,164,426 ","  33,645,110 ","  36,957,370 ","  9 ","  7 "
"LORETO_MAYNAS","3","6","69","8","9","14","17","16","0.6225813627243","0.62597900629044","0.61635047197342","0.57471257448196","0.56991750001907","0.59724479913712","0.59295469522476","0.59702903032303","  162,167,093 ","  164,046,482 ","  165,811,368 ","  171,993,151 ","  148,892,353 ","  147,955,235 ","  128,863,997 ","  156,351,183 ","  102,677,929 ","  113,909,606 ","  117,790,169 ","  141,132,344 ","  116,462,052 ","  130,746,415 ","  108,520,033 ","  137,755,463 ","  14 ","  12 "
"LORETO_PUTUMAYO","0","0","15","4","4","5","11","6","0.47624456882477","0.44981935620308","0.48254558444023","0.45855125784874","0.45892640948296","0.46443077921867","0.4609032869339","0.49658554792404","  13,947,573 ","  21,615,829 ","  6,958,370 ","  8,347,940 ","  9,761,049 ","  6,082,706 ","  6,141,247 ","  5,875,135 ","  5,941,256 ","  17,840,033 ","  6,598,392 ","  6,734,537 ","  9,394,355 ","  5,822,277 ","  5,855,667 ","  5,451,965 ","  11 ","  5 "
"LORETO_REQUENA","0","1","7","1","0","0","0","1","0.48759683966637","0.49733451008797","0.50266563892365","0.48007816076279","0.46358585357666","0.49255341291428","0.47535806894302","0.49377286434174","  19,496,641 ","  24,050,353 ","  22,912,686 ","  32,954,400 ","  28,626,352 ","  35,580,991 ","  64,865,382 ","  98,371,430 ","  16,881,699 ","  17,927,633 ","  17,248,932 ","  24,179,359 ","  24,341,977 ","  27,266,460 ","  43,743,147 ","  86,957,012 ","  12 ","  6 "
"LORETO_UCAYALI","0","0","16","5","6","9","11","4","0.5066904425621","0.49697217345238","0.51366895437241","0.50133317708969","0.47529026865959","0.50579577684402","0.49405664205551","0.5265554189682","  25,654,283 ","  31,253,553 ","  31,114,802 ","  50,446,090 ","  40,309,748 ","  32,354,038 ","  37,276,798 ","  41,861,533 ","  20,081,093 ","  27,001,046 ","  17,972,127 ","  33,623,693 ","  34,630,520 ","  29,452,411 ","  27,589,561 ","  33,271,396 ","  9 ","  9 "
"MADRE DE DIOS_MANU","1","0","0","0","0","1","0","0","0.60272258520126","0.63622468709946","0.62206315994263","0.57751965522766","0.58687537908554","0.6171857714653","0.63529342412949","0.63936984539032","  6,963,148 ","  7,407,618 ","  8,448,987 ","  19,844,966 ","  8,843,536 ","  28,839,719 ","  23,993,908 ","  11,656,176 ","  3,375,018 ","  5,994,194 ","  4,786,160 ","  15,742,221 ","  7,756,151 ","  10,779,112 ","  16,819,451 ","  10,602,366 ","  7 ","  7 "
"MADRE DE DIOS_TAHUAMANU","13","7","7","4","9","9","22","52","0.63577407598495","0.66718673706055","0.64924621582031","0.59510099887848","0.59644269943237","0.62806272506714","0.65079790353775","0.64681100845337","  15,257,839 ","  18,110,800 ","  16,460,635 ","  34,518,117 ","  27,403,814 ","  20,171,010 ","  8,094,552 ","  13,280,979 ","  5,680,971 ","  13,491,019 ","  6,158,980 ","  10,922,307 ","  22,474,672 ","  19,166,134 ","  5,167,493 ","  11,496,251 ","  8 ","  5 "
"MADRE DE DIOS_TAMBOPATA","3","6","2","14","8","2","7","22","0.6600050330162","0.67786061763763","0.6674912571907","0.60836410522461","0.61377209424973","0.64224410057068","0.65903449058533","0.65606838464737","  48,632,190 ","  42,285,217 ","  61,547,429 ","  88,841,396 ","  74,658,852 ","  77,778,304 ","  70,075,802 ","  82,316,045 ","  37,057,029 ","  32,616,645 ","  35,954,477 ","  54,420,400 ","  63,855,918 ","  60,118,206 ","  51,412,050 ","  68,713,618 ","  13 ","  8 "
"MOQUEGUA_GENERAL SANCHEZ CERRO","0","0","3","1","0","2","5","17","0.55418300628662","0.58442777395248","0.61130970716476","0.62142896652222","0.62756323814392","0.63814944028854","0.66062200069427","0.66804218292236","  13,102,956 ","  13,720,238 ","  20,480,448 ","  75,585,890 ","  83,509,638 ","  51,329,334 ","  24,871,214 ","  17,163,515 ","  9,221,403 ","  8,497,691 ","  8,017,128 ","  15,130,925 ","  40,955,692 ","  27,351,502 ","  8,538,605 ","  12,641,986 ","  4 ","  6 "
"MOQUEGUA_GENERAL SANCHEZ CERRO","0","0","0","0","1","0","0","0","0.55418300628662","0.58442777395248","0.61130970716476","0.62142896652222","0.62756323814392","0.63814944028854","0.66062200069427","0.66804218292236","  13,102,956 ","  13,720,238 ","  20,480,448 ","  75,585,890 ","  83,509,638 ","  51,329,334 ","  24,871,214 ","  17,163,515 ","  9,221,403 ","  8,497,691 ","  8,017,128 ","  15,130,925 ","  40,955,692 ","  27,351,502 ","  8,538,605 ","  12,641,986 ","  4 ","  6 "
"MOQUEGUA_ILO","2","5","3","4","4","3","29","10","0.7323893904686","0.74720996618271","0.75265896320343","0.75914508104324","0.78621977567673","0.78944301605225","0.79080015420914","0.7839367389679","  101,283,181 ","  96,273,424 ","  90,976,974 ","  100,241,431 ","  125,517,962 ","  182,275,918 ","  168,083,432 ","  181,315,437 ","  66,542,177 ","  68,644,799 ","  68,653,647 ","  60,896,199 ","  84,782,145 ","  129,945,036 ","  141,532,734 ","  140,807,981 ","  10 ","  8 "
"MOQUEGUA_MARISCAL NIETO","0","0","0","0","0","0","1","3","0.68353182077408","0.70403069257736","0.7041722536087","0.72683894634247","0.74985992908478","0.7553818821907","0.76576840877533","0.76196324825287","  180,135,175 ","  191,577,118 ","  182,682,605 ","  221,283,683 ","  285,432,938 ","  294,152,504 ","  184,381,702 ","  212,914,579 ","  121,854,958 ","  137,374,032 ","  147,483,490 ","  132,244,449 ","  187,809,935 ","  237,899,371 ","  156,921,593 ","  178,971,304 ","  13 ","  6 "
"PASCO_DANIEL ALCIDES CARRION","3","1","9","1","3","6","12","7","0.45474329590797","0.46671384572983","0.49475747346878","0.48051545023918","0.45716056227684","0.46939840912819","0.46542090177536","0.46834415197372","  28,714,143 ","  25,378,602 ","  31,661,714 ","  42,893,693 ","  25,257,585 ","  47,590,655 ","  31,339,851 ","  34,934,265 ","  19,307,539 ","  19,399,528 ","  17,212,101 ","  26,704,811 ","  19,662,132 ","  31,256,713 ","  22,393,323 ","  22,079,503 ","  8 ","  7 "
"PASCO_OXAPAMPA","0","0","2","2","1","0","3","5","0.52077740430832","0.51808297634125","0.53405356407166","0.49559247493744","0.52259236574173","0.53575754165649","0.54692220687866","0.55115979909897","  42,684,059 ","  33,006,252 ","  30,908,617 ","  52,052,491 ","  44,523,938 ","  43,892,205 ","  48,305,429 ","  102,839,630 ","  33,032,961 ","  25,977,556 ","  24,991,109 ","  36,569,433 ","  34,936,969 ","  30,163,586 ","  31,814,363 ","  42,916,230 ","  10 ","  6 "
"PASCO_PASCO","3","2","5","3","5","5","5","12","0.58354622125626","0.57434338331223","0.60294079780579","0.55805504322052","0.56628030538559","0.58613264560699","0.6011500954628","0.60441452264786","  51,279,928 ","  51,264,204 ","  43,669,902 ","  72,622,990 ","  56,893,999 ","  69,444,305 ","  46,130,379 ","  47,966,077 ","  28,125,843 ","  31,473,057 ","  23,072,712 ","  36,556,399 ","  41,283,818 ","  39,419,893 ","  36,402,570 ","  39,826,697 ","  9 ","  9 "
"PIURA_AYABACA","0","0","0","0","1","0","1","0","0.41533410549164","0.42294770479202","0.43402597308159","0.43929922580719","0.46895453333855","0.45488446950912","0.43537098169327","0.45220187306404","  63,013,044 ","  48,318,139 ","  79,259,093 ","  186,736,799 ","  136,851,776 ","  127,055,696 ","  66,905,690 ","  104,746,960 ","  44,189,722 ","  41,669,953 ","  37,039,353 ","  73,473,356 ","  74,075,870 ","  92,095,096 ","  51,763,863 ","  91,853,102 ","  7 ","  7 "
"PIURA_HUANCABAMBA","0","0","0","0","0","0","1","2","0.41196823120117","0.42479935288429","0.43190607428551","0.4406071305275","0.46551108360291","0.45834293961525","0.44530519843102","0.44623610377312","  49,841,705 ","  42,671,959 ","  69,729,792 ","  117,682,624 ","  72,630,518 ","  100,392,068 ","  89,610,159 ","  88,846,442 ","  42,065,172 ","  26,328,873 ","  37,829,791 ","  73,593,316 ","  50,388,321 ","  60,547,097 ","  69,991,893 ","  61,758,061 ","  6 ","  4 "
"PIURA_MORROPON","3","2","1","0","0","1","12","4","0.5171919465065","0.52186721563339","0.51332587003708","0.5035462975502","0.52639329433441","0.52390348911285","0.51715046167374","0.52566885948181","  59,794,975 ","  63,130,786 ","  113,408,968 ","  131,324,098 ","  157,164,861 ","  167,104,456 ","  144,285,314 ","  111,897,653 ","  47,511,820 ","  41,351,362 ","  78,441,036 ","  89,994,253 ","  118,364,534 ","  126,877,162 ","  118,681,058 ","  83,902,618 ","  9 ","  10 "
"PIURA_PAITA","2","2","5","6","4","7","13","14","0.58968544006348","0.6001296043396","0.60516363382339","0.56558382511139","0.59209781885147","0.57897990942001","0.58298951387405","0.59206956624985","  84,713,547 ","  139,793,777 ","  152,526,220 ","  154,334,732 ","  129,549,760 ","  138,154,807 ","  159,675,545 ","  153,850,595 ","  58,699,021 ","  58,419,686 ","  70,326,913 ","  84,456,282 ","  85,633,481 ","  83,567,926 ","  105,932,239 ","  113,221,808 ","  9 ","  10 "
"PIURA_PIURA","6","5","2","3","3","7","11","23","0.60735803842545","0.61164343357086","0.61852741241455","0.5813050866127","0.59772354364395","0.59460282325745","0.59730631113052","0.60248672962189","  195,505,146 ","  207,028,811 ","  213,074,068 ","  302,145,010 ","  289,227,360 ","  322,847,674 ","  474,197,703 ","  361,806,302 ","  123,978,110 ","  145,465,762 ","  149,651,283 ","  176,801,598 ","  216,462,657 ","  228,665,121 ","  342,064,310 ","  295,957,724 ","  14 ","  11 "
"PIURA_SECHURA","1","1","1","0","0","1","7","3","0.55769866704941","0.54979348182678","0.56871938705444","0.52722436189651","0.55943828821182","0.56024658679962","0.56607812643051","0.55819422006607","  44,462,818 ","  51,297,217 ","  78,237,293 ","  84,553,572 ","  138,743,098 ","  159,157,675 ","  174,270,832 ","  142,967,744 ","  40,115,471 ","  39,326,016 ","  60,685,092 ","  41,252,798 ","  67,332,000 ","  71,347,531 ","  85,260,173 ","  107,281,052 ","  9 ","  7 "
"PIURA_SULLANA","2","1","5","3","5","5","6","9","0.59927159547806","0.60919141769409","0.61303716897964","0.56818246841431","0.59637027978897","0.58971530199051","0.58948111534119","0.5946632027626","  185,840,147 ","  130,793,826 ","  133,624,935 ","  195,629,068 ","  221,171,450 ","  184,339,670 ","  174,533,288 ","  178,383,362 ","  146,963,029 ","  98,805,942 ","  98,596,630 ","  129,891,463 ","  138,003,460 ","  147,196,143 ","  136,182,936 ","  143,357,675 ","  13 ","  11 "
"PIURA_TALARA","1","1","0","2","2","1","4","11","0.63664180040359","0.64327120780945","0.64804548025131","0.60299432277679","0.62525576353073","0.61341166496277","0.62775462865829","0.63045901060104","  117,448,457 ","  131,520,516 ","  122,180,215 ","  148,165,574 ","  166,846,069 ","  206,347,558 ","  232,898,080 ","  186,490,396 ","  79,974,574 ","  75,420,127 ","  67,748,212 ","  69,269,255 ","  112,779,287 ","  133,254,476 ","  160,404,126 ","  161,343,473 ","  13 ","  13 "
"PUNO_AZANGARO","1","0","0","0","0","0","0","0","0.41987556219101","0.4407257437706","0.4542523920536","0.47067561745644","0.45920649170876","0.44649919867516","0.45452338457108","0.47208565473557","  53,162,302 ","  39,378,301 ","  52,796,854 ","  97,777,918 ","  84,465,992 ","  75,917,291 ","  55,463,362 ","  77,598,544 ","  41,103,205 ","  34,378,725 ","  42,739,140 ","  50,546,727 ","  63,135,401 ","  58,723,438 ","  46,175,364 ","  51,447,833 ","  9 ","  6 "
"PUNO_CARABAYA","2","3","2","2","12","12","10","22","0.4314991235733","0.44320583343506","0.44967892765999","0.46813431382179","0.45218154788017","0.46548667550087","0.47005236148834","0.46806252002716","  29,371,503 ","  43,849,445 ","  60,678,560 ","  76,866,250 ","  60,158,572 ","  72,735,899 ","  46,352,937 ","  58,041,744 ","  23,649,957 ","  20,144,433 ","  22,701,357 ","  34,788,285 ","  40,653,519 ","  48,079,019 ","  43,472,993 ","  38,160,279 ","  8 ","  6 "
"PUNO_CHUCUITO","3","5","5","5","4","4","0","1","0.46326598525047","0.46618667244911","0.48260912299156","0.49808606505394","0.49198353290558","0.47742718458176","0.48288008570671","0.49543690681458","  72,024,736 ","  70,981,334 ","  56,413,694 ","  91,867,062 ","  74,406,028 ","  54,327,607 ","  40,591,596 ","  48,549,373 ","  37,858,340 ","  50,528,508 ","  34,119,473 ","  40,101,567 ","  62,260,898 ","  38,102,151 ","  34,102,342 ","  41,874,228 ","  9 ","  5 "
"PUNO_EL COLLAO","0","0","1","4","0","6","1","4","0.45205417275429","0.45405331254005","0.47600966691971","0.48343008756638","0.47622230648994","0.46415942907333","0.46207183599472","0.48689618706703","  36,674,602 ","  38,365,273 ","  54,112,266 ","  74,353,548 ","  110,153,960 ","  74,292,794 ","  52,745,400 ","  61,257,089 ","  30,785,644 ","  31,072,498 ","  41,429,473 ","  48,209,147 ","  53,732,984 ","  57,752,764 ","  44,055,192 ","  50,038,747 ","  10 ","  10 "
"PUNO_HUANCANE","0","0","1","0","1","0","0","0","0.41780379414558","0.42125952243805","0.43514043092728","0.46974158287048","0.43851298093796","0.43125352263451","0.43700793385506","0.44437545537949","  20,656,627 ","  25,067,229 ","  27,213,640 ","  45,852,119 ","  37,614,545 ","  57,521,668 ","  50,019,908 ","  48,274,442 ","  16,125,137 ","  21,440,414 ","  24,340,487 ","  20,382,125 ","  34,421,388 ","  23,906,089 ","  45,523,135 ","  26,254,510 ","  6 ","  6 "
"PUNO_LAMPA","0","3","6","3","1","5","7","6","0.45639118552208","0.45540529489517","0.471460044384","0.48937264084816","0.47411853075027","0.46535065770149","0.4887278676033","0.48428928852081","  23,676,723 ","  14,549,816 ","  12,011,054 ","  49,925,687 ","  32,106,858 ","  20,736,275 ","  23,732,424 ","  24,376,062 ","  19,531,934 ","  13,504,229 ","  8,753,820 ","  22,616,197 ","  28,135,643 ","  13,445,902 ","  18,762,483 ","  20,777,206 ","  8 ","  4 "
"PUNO_MELGAR","3","5","7","4","6","8","10","15","0.48269778490067","0.48842024803162","0.49576091766357","0.50246876478195","0.48994868993759","0.48235985636711","0.49357396364212","0.50494146347046","  32,301,873 ","  38,115,619 ","  38,795,011 ","  86,477,244 ","  47,427,194 ","  45,194,132 ","  37,244,783 ","  40,943,698 ","  28,865,864 ","  23,605,578 ","  30,781,592 ","  57,389,208 ","  39,733,324 ","  34,446,381 ","  31,701,975 ","  29,626,465 ","  9 ","  8 "
"PUNO_MOHO","1","0","0","0","0","0","0","0","0.3950466811657","0.39923283457756","0.42365851998329","0.46357858181","0.42670944333076","0.41548684239388","0.42852783203125","0.4371337890625","  20,786,711 ","  18,108,223 ","  16,568,130 ","  20,513,042 ","  15,398,973 ","  14,996,937 ","  15,644,957 ","  13,181,389 ","  16,622,346 ","  15,708,157 ","  12,895,955 ","  14,228,428 ","  13,301,084 ","  12,796,199 ","  12,017,452 ","  11,710,383 ","  6 ","  6 "
"PUNO_PUNO","2","0","0","0","1","1","6","11","0.56804835796356","0.5674889087677","0.59320831298828","0.58323413133621","0.55083382129669","0.57104849815369","0.58803009986877","0.59024405479431","  100,696,675 ","  93,498,870 ","  82,689,166 ","  148,077,661 ","  114,388,231 ","  126,402,241 ","  125,076,739 ","  136,718,073 ","  75,286,437 ","  63,319,669 ","  67,405,538 ","  95,272,120 ","  90,009,446 ","  94,757,374 ","  90,587,576 ","  118,894,591 ","  12 ","  10 "
"PUNO_SAN ANTONIO DE PUTINA","0","3","6","2","5","5","4","12","0.52721059322357","0.52894926071167","0.52949094772339","0.53374344110489","0.50708818435669","0.53092193603516","0.5307212471962","0.51889485120773","  48,413,570 ","  45,414,312 ","  29,484,606 ","  61,787,152 ","  39,146,231 ","  39,072,233 ","  26,558,632 ","  27,566,905 ","  29,468,390 ","  31,732,200 ","  22,401,926 ","  41,568,880 ","  31,125,325 ","  26,890,229 ","  21,932,872 ","  22,621,721 ","  9 ","  5 "
"PUNO_SAN ROMAN","9","12","12","6","10","8","15","31","0.57574045658112","0.58045464754105","0.59197497367859","0.56518071889877","0.55442452430725","0.57074403762817","0.58381754159927","0.57929313182831","  201,329,679 ","  103,494,859 ","  101,839,717 ","  143,082,379 ","  119,779,666 ","  149,655,069 ","  152,585,207 ","  193,651,074 ","  84,787,038 ","  77,101,079 ","  89,803,922 ","  110,006,437 ","  106,913,163 ","  126,294,215 ","  103,066,860 ","  160,434,044 ","  17 ","  13 "
"PUNO_SANDIA","0","0","0","1","3","0","10","5","0.42632302641869","0.44067186117172","0.45995083451271","0.47593557834625","0.46574404835701","0.46930748224258","0.47230157256126","0.45999678969383","  17,711,883 ","  17,404,206 ","  18,292,923 ","  45,768,418 ","  40,483,777 ","  31,560,880 ","  23,694,275 ","  26,250,988 ","  14,772,770 ","  15,629,891 ","  13,648,421 ","  28,907,340 ","  35,975,510 ","  29,687,207 ","  22,036,144 ","  21,812,634 ","  6 ","  3 "
"PUNO_YUNGUYO","0","2","2","1","1","2","5","3","0.43718335032463","0.43949389457703","0.44848355650902","0.4759738445282","0.43885833024979","0.4405805170536","0.44114658236504","0.4662781059742","  16,483,815 ","  14,290,361 ","  33,336,505 ","  37,621,289 ","  32,066,654 ","  29,164,154 ","  23,894,561 ","  31,169,017 ","  12,699,905 ","  11,933,238 ","  17,056,483 ","  22,733,379 ","  19,604,433 ","  22,393,210 ","  17,724,704 ","  19,764,180 ","  7 ","  6 "
"SAN MARTIN_BELLAVISTA","3","2","0","2","1","3","3","8","0.54131442308426","0.538833796978","0.54462510347366","0.53237301111221","0.54193544387817","0.547427713871","0.54184466600418","0.56162703037262","  45,484,396 ","  28,186,663 ","  19,472,919 ","  51,966,318 ","  35,419,353 ","  24,191,788 ","  20,434,554 ","  20,421,688 ","  30,845,510 ","  25,356,873 ","  16,377,260 ","  40,263,535 ","  23,758,667 ","  20,817,732 ","  18,511,838 ","  16,972,671 ","  9 ","  5 "
"SAN MARTIN_EL DORADO","0","0","1","1","0","1","1","5","0.50076693296432","0.49872785806656","0.50177961587906","0.48528128862381","0.50235056877136","0.50087225437164","0.50571477413177","0.52330034971237","  21,078,794 ","  15,529,542 ","  20,076,085 ","  27,272,330 ","  21,906,908 ","  17,177,910 ","  14,025,252 ","  26,607,044 ","  18,064,497 ","  13,891,911 ","  17,724,398 ","  16,082,165 ","  19,522,840 ","  15,123,447 ","  13,361,312 ","  18,986,392 ","  8 ","  6 "
"SAN MARTIN_HUALLAGA","0","0","0","0","1","1","1","4","0.55055838823318","0.556192278862","0.5366325378418","0.53822541236877","0.54359292984009","0.53641670942307","0.5353752374649","0.56074678897858","  43,182,437 ","  29,603,142 ","  11,821,776 ","  39,433,592 ","  25,537,465 ","  14,984,172 ","  9,838,389 ","  13,125,242 ","  21,160,124 ","  28,113,321 ","  8,926,972 ","  26,449,704 ","  19,554,870 ","  13,298,991 ","  9,068,462 ","  8,788,060 ","  7 ","  5 "
"SAN MARTIN_LAMAS","0","4","4","3","1","7","3","5","0.50118255615234","0.50411927700043","0.50015980005264","0.48192211985588","0.50214314460754","0.50014996528625","0.50432562828064","0.52462792396545","  26,463,741 ","  29,030,252 ","  39,238,704 ","  46,509,735 ","  35,059,799 ","  32,466,955 ","  25,221,269 ","  57,436,736 ","  22,038,749 ","  19,935,220 ","  30,596,150 ","  33,686,129 ","  30,125,146 ","  30,793,122 ","  21,802,377 ","  35,526,009 ","  8 ","  4 "
"SAN MARTIN_MARISCAL CACERES","5","1","2","2","0","2","0","15","0.55254638195038","0.5494379401207","0.56749498844147","0.5280824303627","0.55637377500534","0.55411869287491","0.55516576766968","0.55848389863968","  23,568,615 ","  32,743,262 ","  43,455,847 ","  42,282,379 ","  33,156,283 ","  42,941,477 ","  45,296,166 ","  30,739,776 ","  18,309,629 ","  21,031,268 ","  38,981,379 ","  37,108,677 ","  27,626,820 ","  38,363,572 ","  42,212,103 ","  24,337,780 ","  10 ","  7 "
"SAN MARTIN_MOYOBAMBA","3","3","4","3","6","3","16","17","0.58182263374329","0.59138196706772","0.5862842798233","0.56761276721954","0.57436788082123","0.58046650886536","0.56929218769073","0.5743653178215","  79,220,071 ","  76,503,601 ","  81,312,251 ","  100,194,136 ","  75,831,995 ","  76,635,738 ","  70,444,081 ","  73,099,363 ","  56,042,292 ","  48,105,149 ","  35,007,782 ","  57,068,137 ","  64,947,471 ","  59,764,618 ","  54,924,502 ","  55,524,700 ","  9 ","  8 "
"SAN MARTIN_PICOTA","2","3","1","2","0","1","1","3","0.5412712097168","0.53945189714432","0.54847747087479","0.5162878036499","0.54331696033478","0.52947402000427","0.53841823339462","0.55578672885895","  28,726,572 ","  44,756,018 ","  48,784,320 ","  62,724,366 ","  91,318,242 ","  87,674,158 ","  46,709,658 ","  19,436,654 ","  11,460,969 ","  23,466,178 ","  19,734,039 ","  37,799,487 ","  31,215,666 ","  60,887,400 ","  40,524,030 ","  13,353,570 ","  8 ","  7 "
"SAN MARTIN_RIOJA","1","0","3","6","2","5","2","6","0.56550598144531","0.57102626562119","0.56786149740219","0.54661172628403","0.54875195026398","0.55596554279327","0.55298489332199","0.5606215596199","  29,623,786 ","  32,042,927 ","  28,842,998 ","  45,701,565 ","  43,778,334 ","  41,511,815 ","  37,686,734 ","  37,986,295 ","  22,930,559 ","  21,373,232 ","  21,006,206 ","  24,002,763 ","  29,760,318 ","  30,922,250 ","  32,014,069 ","  26,817,708 ","  12 ","  4 "
"SAN MARTIN_SAN MARTIN","2","2","4","2","6","2","3","4","0.65290224552155","0.65993314981461","0.64405685663223","0.637022793293","0.64743775129318","0.65032941102982","0.62752670049667","0.63164532184601","  86,820,544 ","  74,083,602 ","  65,516,775 ","  76,150,885 ","  69,002,835 ","  66,164,324 ","  63,807,693 ","  77,620,464 ","  52,170,629 ","  59,714,652 ","  46,046,204 ","  54,941,565 ","  57,759,529 ","  48,643,440 ","  58,578,521 ","  67,157,335 ","  12 ","  9 "
"SAN MARTIN_TOCACHE","1","3","2","1","2","1","3","11","0.57187640666962","0.57344192266464","0.57607293128967","0.55766755342484","0.57605475187302","0.56565523147583","0.5641103386879","0.58190083503723","  34,594,822 ","  56,080,634 ","  42,823,681 ","  83,257,113 ","  78,334,443 ","  136,848,694 ","  98,395,110 ","  40,812,013 ","  25,460,344 ","  32,196,943 ","  36,031,695 ","  31,337,246 ","  33,758,457 ","  48,323,209 ","  32,575,652 ","  33,817,443 ","  11 ","  9 "
"TACNA_CANDARAVE","0","2","2","2","2","0","2","5","0.52070266008377","0.51318317651749","0.53441458940506","0.49573594331741","0.50178825855255","0.56719660758972","0.50819319486618","0.54474502801895","  6,136,223 ","  8,613,482 ","  10,016,088 ","  16,345,596 ","  16,151,827 ","  15,664,742 ","  15,704,361 ","  18,806,066 ","  4,090,094 ","  6,807,047 ","  5,706,607 ","  4,405,114 ","  12,399,455 ","  8,580,076 ","  10,702,372 ","  13,371,586 ","  7 ","  6 "
"TACNA_JORGE BASADRE","3","4","11","6","7","9","9","15","0.70765727758408","0.70750504732132","0.70574587583542","0.65607833862305","0.63082951307297","0.66341829299927","0.68015116453171","0.69722706079483","  48,774,080 ","  28,464,809 ","  39,569,864 ","  68,580,092 ","  92,672,279 ","  150,585,865 ","  95,720,908 ","  121,815,000 ","  38,182,040 ","  15,691,850 ","  28,224,142 ","  30,643,730 ","  58,602,788 ","  95,515,831 ","  66,590,276 ","  69,005,623 ","  4 ","  7 "
"TACNA_TACNA","0","1","0","0","1","2","1","3","0.69881123304367","0.69371575117111","0.68903857469559","0.64237368106842","0.63348567485809","0.67532336711884","0.6761200428009","0.6665735244751","  148,538,904 ","  172,217,801 ","  147,226,026 ","  163,886,883 ","  144,782,403 ","  172,652,124 ","  178,920,780 ","  201,965,317 ","  108,070,521 ","  127,107,676 ","  103,757,134 ","  98,012,617 ","  114,081,725 ","  146,746,603 ","  131,813,786 ","  170,630,315 ","  16 ","  13 "
"TACNA_TARATA","0","2","4","5","5","2","1","5","0.5526824593544","0.53239244222641","0.5617840886116","0.51712197065353","0.52196943759918","0.5849501490593","0.53305566310883","0.54393857717514","  3,314,479 ","  3,085,820 ","  3,915,129 ","  16,430,046 ","  15,803,895 ","  12,129,320 ","  7,305,312 ","  11,477,514 ","  2,356,758 ","  2,489,298 ","  3,413,523 ","  4,795,668 ","  12,802,892 ","  9,202,288 ","  6,079,939 ","  7,755,026 ","  7 ","  7 "
"TUMBES_CONTRALMIRANTE VILLAR","1","0","3","13","6","4","4","9","0.62662929296494","0.63094562292099","0.62359714508057","0.59015339612961","0.60073924064636","0.62326753139496","0.61274772882462","0.61248987913132","  35,527,539 ","  36,004,485 ","  31,531,529 ","  59,464,129 ","  43,350,478 ","  59,872,454 ","  44,537,616 ","  43,518,449 ","  20,360,913 ","  26,366,346 ","  15,657,627 ","  29,465,226 ","  23,830,675 ","  39,334,444 ","  34,163,251 ","  37,120,817 ","  4 ","  8 "
"TUMBES_TUMBES","3","1","6","6","3","5","8","20","0.64408910274506","0.64576643705368","0.64553487300873","0.60566490888596","0.61847347021103","0.64380669593811","0.63634985685349","0.63171863555908","  91,826,485 ","  90,129,678 ","  83,769,366 ","  124,531,267 ","  118,695,383 ","  128,719,927 ","  107,812,362 ","  125,128,146 ","  40,244,302 ","  55,740,182 ","  51,993,925 ","  62,044,238 ","  86,229,368 ","  87,603,742 ","  76,456,511 ","  84,140,401 ","  14 ","  8 "
"TUMBES_ZARUMILLA","3","1","1","2","2","1","3","6","0.62686949968338","0.62815397977829","0.6198832988739","0.58165979385376","0.59317183494568","0.61421740055084","0.61295729875565","0.61172389984131","  33,890,392 ","  38,564,144 ","  36,703,173 ","  41,178,175 ","  46,221,161 ","  55,337,910 ","  70,265,947 ","  59,932,266 ","  25,703,824 ","  23,274,836 ","  19,945,146 ","  26,516,255 ","  31,001,479 ","  35,234,578 ","  56,632,611 ","  44,586,719 ","  8 ","  10 "
"UCAYALI_ATALAYA","2","0","4","4","13","14","12","5","0.48840996623039","0.49708488583565","0.5182221531868","0.48710402846336","0.47807410359383","0.51282155513763","0.51689970493317","0.53234773874283","  77,449,865 ","  67,734,201 ","  67,530,055 ","  77,904,456 ","  92,986,942 ","  127,919,409 ","  127,970,311 ","  136,411,671 ","  58,452,323 ","  45,832,931 ","  38,707,663 ","  41,928,072 ","  54,354,079 ","  93,090,570 ","  55,670,915 ","  91,630,049 ","  5 ","  7 "
"UCAYALI_CORONEL PORTILLO","5","2","13","6","2","3","2","15","0.59654593467712","0.60422956943512","0.60276168584824","0.57637095451355","0.57813721895218","0.60675555467606","0.61877357959747","0.61220234632492","  149,400,172 ","  157,083,098 ","  172,557,863 ","  195,204,852 ","  166,745,614 ","  194,149,915 ","  181,913,785 ","  203,702,071 ","  124,001,039 ","  118,695,871 ","  134,347,929 ","  144,903,910 ","  144,877,230 ","  167,266,879 ","  144,179,778 ","  160,017,882 ","  15 ","  8 "
"UCAYALI_PADRE ABAD","3","1","8","8","10","16","3","15","0.54575330018997","0.55727052688599","0.54048764705658","0.5419734120369","0.52781230211258","0.5599639415741","0.55230152606964","0.56237107515335","  63,595,919 ","  108,121,305 ","  104,758,689 ","  85,846,555 ","  58,941,083 ","  78,941,266 ","  48,227,106 ","  64,867,351 ","  35,078,690 ","  59,351,452 ","  76,956,926 ","  44,481,573 ","  32,040,573 ","  34,100,973 ","  39,296,831 ","  40,689,699 ","  11 ","  7 "
"UCAYALI_PURUS","2","0","5","1","3","9","3","4","0.46038311719894","0.51581734418869","0.50802600383759","0.48118981719017","0.48101994395256","0.50383561849594","0.52861881256104","0.54285663366318","  7,927,119 ","  11,166,679 ","  13,264,494 ","  9,325,078 ","  7,969,218 ","  10,064,978 ","  14,897,581 ","  11,439,441 ","  6,211,250 ","  7,737,880 ","  11,401,112 ","  5,844,396 ","  7,116,703 ","  8,244,450 ","  11,494,812 ","  10,675,689 ","  8 ","  8 "
